date,region,category,unit_price,quantity,discount_pct,revenue
2024-01-01,North,Electronics,348.7,2,0,697.4
2024-01-01,East,Books,23.84,2,0,47.67
2024-01-01,North,Clothing,15.61,1,0,15.61
2024-01-01,South,Electronics,309.4,4,0,1237.59
2024-01-01,South,Sports,61.01,4,0,244.05
2024-01-01,West,Home & Garden,51.51,1,0,51.51
2024-01-01,West,Books,17.0,1,0,17.0
2024-01-01,North,Home & Garden,98.95,4,0,395.8
2024-01-01,North,Books,24.11,2,0,48.23
2024-01-01,North,Home & Garden,55.58,1,20,44.47
2024-01-01,East,Books,21.09,4,0,84.37
2024-01-01,East,Home & Garden,97.64,2,0,195.27
2024-01-01,South,Clothing,39.82,4,0,159.27
2024-01-01,North,Clothing,56.89,1,0,56.89
2024-01-01,West,Sports,68.73,3,5,195.89
2024-01-01,East,Books,24.44,2,0,48.88
2024-01-01,West,Home & Garden,70.42,3,0,211.25
2024-01-01,East,Home & Garden,76.29,2,10,137.32
2024-01-02,East,Sports,82.43,3,0,247.29
2024-01-02,East,Electronics,271.14,4,0,1084.55
2024-01-02,North,Home & Garden,81.84,2,0,163.67
2024-01-02,East,Home & Garden,40.25,1,0,40.25
2024-01-02,North,Clothing,50.64,2,0,101.28
2024-01-02,North,Clothing,58.03,2,0,116.06
2024-01-02,West,Books,16.49,1,0,16.49
2024-01-02,North,Clothing,41.31,3,0,123.94
2024-01-02,South,Clothing,40.55,4,0,162.2
2024-01-02,North,Electronics,231.93,4,5,881.33
2024-01-02,South,Books,10.41,1,20,8.32
2024-01-02,North,Books,19.87,4,0,79.47
2024-01-02,North,Books,17.13,4,0,68.51
2024-01-02,East,Home & Garden,71.57,3,5,203.97
2024-01-02,North,Sports,81.04,2,0,162.08
2024-01-03,East,Books,12.99,4,0,51.96
2024-01-03,North,Home & Garden,92.98,4,15,316.14
2024-01-03,South,Home & Garden,55.54,4,0,222.17
2024-01-03,South,Electronics,300.84,2,20,481.35
2024-01-03,South,Clothing,31.15,1,0,31.15
2024-01-03,West,Books,12.8,3,5,36.48
2024-01-03,West,Books,25.95,2,5,49.31
2024-01-03,East,Electronics,268.32,1,0,268.32
2024-01-03,South,Clothing,36.96,3,0,110.89
2024-01-03,North,Sports,48.73,4,0,194.93
2024-01-04,South,Home & Garden,57.39,3,0,172.17
2024-01-04,North,Electronics,245.18,2,15,416.81
2024-01-04,South,Clothing,48.84,1,0,48.84
2024-01-04,South,Electronics,189.81,3,5,540.96
2024-01-04,North,Books,24.89,2,20,39.82
2024-01-04,West,Clothing,50.32,3,20,120.78
2024-01-04,North,Clothing,44.18,4,10,159.05
2024-01-04,South,Electronics,294.38,2,15,500.45
2024-01-04,North,Electronics,255.78,3,20,613.87
2024-01-04,North,Home & Garden,87.16,1,0,87.16
2024-01-04,East,Home & Garden,91.22,2,10,164.19
2024-01-04,West,Books,20.12,1,0,20.12
2024-01-04,North,Electronics,304.49,2,5,578.54
2024-01-04,West,Clothing,36.31,3,0,108.92
2024-01-04,South,Electronics,235.2,2,0,470.4
2024-01-04,East,Electronics,194.18,1,10,174.76
2024-01-04,North,Books,18.33,3,0,54.98
2024-01-04,North,Home & Garden,122.88,4,0,491.52
2024-01-05,North,Electronics,289.62,2,10,521.32
2024-01-05,East,Clothing,41.24,2,0,82.48
2024-01-05,North,Electronics,230.13,1,0,230.13
2024-01-05,West,Sports,91.83,3,0,275.5
2024-01-05,East,Electronics,314.53,2,0,629.06
2024-01-05,North,Electronics,235.16,2,5,446.81
2024-01-05,West,Clothing,66.06,2,0,132.12
2024-01-05,South,Home & Garden,71.2,3,0,213.6
2024-01-05,West,Home & Garden,82.61,4,0,330.46
2024-01-05,North,Electronics,237.35,4,0,949.39
2024-01-05,West,Home & Garden,81.22,3,0,243.65
2024-01-05,South,Home & Garden,76.96,1,0,76.96
2024-01-05,North,Clothing,51.62,4,0,206.47
2024-01-05,North,Electronics,219.6,4,0,878.39
2024-01-06,North,Clothing,47.34,2,0,94.67
2024-01-06,East,Books,24.06,1,0,24.06
2024-01-06,South,Home & Garden,92.59,3,20,222.22
2024-01-06,South,Clothing,37.47,2,0,74.94
2024-01-06,North,Home & Garden,103.24,3,5,294.23
2024-01-06,North,Books,26.53,2,0,53.05
2024-01-06,North,Electronics,251.31,1,15,213.62
2024-01-06,North,Clothing,66.51,1,0,66.51
2024-01-06,East,Home & Garden,101.3,1,5,96.24
2024-01-06,East,Sports,59.82,3,20,143.56
2024-01-06,North,Sports,46.54,1,0,46.54
2024-01-06,North,Electronics,288.37,1,10,259.53
2024-01-06,South,Electronics,334.87,1,10,301.38
2024-01-06,East,Electronics,159.49,4,0,637.98
2024-01-06,West,Home & Garden,51.85,4,0,207.4
2024-01-06,North,Sports,29.44,2,0,58.89
2024-01-06,South,Clothing,62.66,2,0,125.33
2024-01-06,North,Electronics,270.17,1,0,270.17
2024-01-06,North,Clothing,35.69,4,0,142.77
2024-01-06,West,Electronics,254.35,3,15,648.6
2024-01-06,North,Home & Garden,99.67,1,0,99.67
2024-01-06,East,Home & Garden,123.06,2,0,246.13
2024-01-06,East,Books,16.16,2,20,25.86
2024-01-06,West,Clothing,28.66,4,0,114.62
2024-01-06,South,Electronics,299.0,4,0,1196.0
2024-01-06,West,Books,21.71,1,0,21.71
2024-01-06,East,Clothing,66.11,1,15,56.19
2024-01-06,West,Books,23.71,2,0,47.42
2024-01-07,North,Clothing,61.61,2,10,110.9
2024-01-07,West,Electronics,142.93,2,10,257.27
2024-01-07,East,Electronics,334.62,1,0,334.62
2024-01-07,North,Electronics,266.21,3,5,758.7
2024-01-07,West,Home & Garden,86.05,1,15,73.14
2024-01-07,West,Electronics,183.27,3,0,549.82
2024-01-07,North,Books,19.29,4,0,77.15
2024-01-07,South,Electronics,265.15,2,10,477.26
2024-01-07,South,Sports,90.71,4,0,362.84
2024-01-07,West,Clothing,52.26,2,10,94.07
2024-01-07,West,Home & Garden,107.37,2,0,214.75
2024-01-07,East,Clothing,54.97,4,0,219.87
2024-01-07,South,Books,19.31,2,0,38.63
2024-01-07,West,Books,11.48,4,0,45.93
2024-01-07,East,Clothing,44.38,2,0,88.75
2024-01-07,North,Electronics,181.17,4,0,724.69
2024-01-07,West,Home & Garden,89.75,4,0,359.01
2024-01-07,North,Electronics,216.86,1,0,216.86
2024-01-07,South,Home & Garden,64.14,4,0,256.57
2024-01-07,South,Home & Garden,77.96,1,0,77.96
2024-01-07,East,Home & Garden,80.84,3,15,206.15
2024-01-07,North,Clothing,51.91,1,20,41.53
2024-01-07,South,Books,23.79,2,0,47.58
2024-01-07,South,Clothing,54.58,3,10,147.36
2024-01-07,East,Electronics,188.25,2,0,376.51
2024-01-07,South,Electronics,202.73,2,0,405.46
2024-01-07,West,Electronics,161.11,2,0,322.22
2024-01-07,West,Home & Garden,101.11,1,0,101.11
2024-01-07,East,Sports,69.8,3,5,198.94
2024-01-07,South,Electronics,195.27,2,0,390.55
2024-01-07,North,Clothing,29.44,2,0,58.89
2024-01-07,North,Electronics,221.37,4,10,796.93
2024-01-08,North,Sports,50.61,3,0,151.83
2024-01-08,South,Books,18.81,4,15,63.94
2024-01-08,North,Books,15.46,2,0,30.92
2024-01-08,East,Books,30.22,3,10,81.58
2024-01-08,North,Books,28.1,4,0,112.39
2024-01-08,South,Electronics,266.23,4,0,1064.93
2024-01-08,South,Books,15.48,1,0,15.48
2024-01-08,North,Clothing,38.23,1,0,38.23
2024-01-08,North,Clothing,53.55,2,0,107.11
2024-01-09,West,Books,21.86,1,0,21.86
2024-01-09,South,Books,16.98,4,0,67.92
2024-01-09,West,Electronics,212.84,2,10,383.12
2024-01-09,North,Electronics,286.77,2,0,573.54
2024-01-09,South,Books,26.01,3,5,74.12
2024-01-09,West,Home & Garden,71.84,1,5,68.25
2024-01-09,South,Electronics,235.05,2,0,470.1
2024-01-09,North,Home & Garden,96.46,2,15,163.99
2024-01-09,East,Clothing,48.81,1,0,48.81
2024-01-09,East,Home & Garden,71.69,1,0,71.69
2024-01-09,South,Electronics,344.36,3,5,981.43
2024-01-09,North,Home & Garden,88.04,3,10,237.71
2024-01-09,North,Clothing,40.0,3,0,120.01
2024-01-10,East,Home & Garden,87.55,2,0,175.09
2024-01-10,South,Electronics,260.66,4,0,1042.65
2024-01-10,North,Home & Garden,96.71,2,0,193.42
2024-01-10,South,Home & Garden,82.19,4,5,312.31
2024-01-10,North,Home & Garden,94.52,1,0,94.52
2024-01-10,East,Clothing,47.07,2,15,80.02
2024-01-10,North,Electronics,256.26,2,10,461.26
2024-01-10,North,Books,20.28,4,0,81.11
2024-01-10,South,Sports,76.41,2,10,137.54
2024-01-10,North,Clothing,54.59,3,15,139.2
2024-01-10,South,Clothing,18.89,3,0,56.68
2024-01-10,North,Clothing,42.24,3,0,126.71
2024-01-10,North,Clothing,41.93,1,0,41.93
2024-01-10,East,Electronics,186.43,4,0,745.7
2024-01-10,East,Books,22.58,3,20,54.2
2024-01-10,South,Home & Garden,80.28,3,5,228.79
2024-01-10,South,Clothing,44.73,1,0,44.73
2024-01-10,South,Home & Garden,107.77,4,0,431.09
2024-01-11,North,Clothing,15.08,3,15,38.46
2024-01-11,South,Clothing,32.51,3,20,78.01
2024-01-11,West,Books,28.76,4,0,115.05
2024-01-11,North,Electronics,256.17,3,10,691.66
2024-01-11,East,Sports,58.04,3,0,174.13
2024-01-11,East,Books,18.2,1,0,18.2
2024-01-11,South,Clothing,58.04,2,0,116.08
2024-01-11,North,Electronics,145.64,2,15,247.59
2024-01-11,East,Clothing,64.85,3,0,194.56
2024-01-11,East,Clothing,30.6,2,0,61.19
2024-01-11,West,Electronics,359.67,2,5,683.38
2024-01-11,North,Books,24.86,4,0,99.44
2024-01-11,South,Home & Garden,79.38,1,0,79.38
2024-01-11,East,Clothing,46.92,4,0,187.69
2024-01-11,West,Home & Garden,76.32,1,0,76.32
2024-01-12,East,Clothing,67.56,2,5,128.37
2024-01-12,North,Electronics,294.85,3,15,751.87
2024-01-12,West,Home & Garden,113.31,3,0,339.93
2024-01-12,West,Clothing,56.41,2,0,112.82
2024-01-12,North,Electronics,228.25,4,5,867.35
2024-01-12,North,Sports,62.98,3,0,188.94
2024-01-12,East,Clothing,34.32,3,20,82.37
2024-01-12,North,Clothing,74.61,2,0,149.23
2024-01-12,North,Home & Garden,79.89,1,0,79.89
2024-01-12,East,Clothing,37.59,1,0,37.59
2024-01-12,East,Clothing,37.95,3,0,113.84
2024-01-12,North,Electronics,363.28,3,0,1089.83
2024-01-12,East,Clothing,30.16,2,20,48.25
2024-01-12,East,Home & Garden,75.48,1,0,75.48
2024-01-12,East,Sports,58.95,3,0,176.84
2024-01-12,North,Home & Garden,46.78,4,5,177.77
2024-01-12,West,Electronics,301.16,2,0,602.31
2024-01-12,East,Electronics,258.37,4,20,826.77
2024-01-12,West,Clothing,45.32,2,0,90.64
2024-01-12,East,Home & Garden,80.6,4,0,322.38
2024-01-12,North,Electronics,184.84,3,0,554.53
2024-01-13,South,Home & Garden,105.56,1,0,105.56
2024-01-13,West,Home & Garden,81.65,4,15,277.6
2024-01-13,North,Electronics,316.59,1,5,300.76
2024-01-13,South,Clothing,55.35,3,0,166.04
2024-01-13,North,Clothing,48.53,4,5,184.42
2024-01-13,North,Electronics,165.97,4,5,630.69
2024-01-13,East,Clothing,34.67,1,20,27.73
2024-01-13,South,Clothing,32.96,2,5,62.62
2024-01-13,North,Home & Garden,93.65,3,10,252.86
2024-01-13,West,Clothing,32.37,4,0,129.48
2024-01-13,South,Sports,65.74,2,0,131.47
2024-01-13,South,Electronics,217.65,1,20,174.12
2024-01-13,West,Sports,51.02,2,20,81.63
2024-01-13,West,Books,27.1,2,20,43.36
2024-01-13,West,Clothing,38.58,1,0,38.58
2024-01-13,South,Home & Garden,63.2,1,0,63.2
2024-01-13,North,Clothing,46.85,3,20,112.45
2024-01-13,West,Sports,69.88,3,0,209.63
2024-01-13,North,Electronics,375.64,3,5,1070.57
2024-01-13,South,Electronics,293.42,1,20,234.74
2024-01-13,North,Books,14.7,2,0,29.39
2024-01-13,West,Clothing,52.67,1,5,50.04
2024-01-13,South,Books,29.23,4,10,105.24
2024-01-13,West,Sports,67.54,2,0,135.07
2024-01-13,East,Electronics,303.59,1,10,273.23
2024-01-13,West,Electronics,239.56,3,0,718.67
2024-01-14,East,Sports,62.2,4,0,248.8
2024-01-14,North,Home & Garden,80.49,3,0,241.48
2024-01-14,North,Sports,61.35,4,0,245.4
2024-01-14,East,Home & Garden,78.09,4,0,312.38
2024-01-14,East,Sports,64.19,4,0,256.74
2024-01-14,North,Clothing,40.92,2,0,81.83
2024-01-14,North,Electronics,260.91,2,10,469.65
2024-01-14,West,Books,17.21,1,0,17.21
2024-01-14,North,Sports,65.66,3,0,196.97
2024-01-14,East,Home & Garden,45.98,1,15,39.08
2024-01-14,North,Books,17.97,3,5,51.21
2024-01-14,East,Electronics,265.24,2,0,530.48
2024-01-14,West,Books,17.18,4,0,68.72
2024-01-14,West,Clothing,31.19,1,0,31.19
2024-01-14,South,Clothing,63.68,2,0,127.35
2024-01-14,North,Electronics,171.78,3,0,515.34
2024-01-14,South,Electronics,340.24,1,10,306.21
2024-01-14,East,Sports,66.9,3,5,190.66
2024-01-14,North,Books,23.04,2,0,46.08
2024-01-14,East,Clothing,37.39,2,0,74.78
2024-01-14,North,Home & Garden,116.02,1,0,116.02
2024-01-14,East,Clothing,41.88,2,0,83.77
2024-01-14,South,Books,19.87,2,0,39.75
2024-01-14,East,Books,15.17,1,0,15.17
2024-01-14,East,Electronics,247.02,2,0,494.04
2024-01-14,East,Home & Garden,62.47,1,0,62.47
2024-01-14,West,Clothing,45.42,3,0,136.27
2024-01-14,East,Home & Garden,68.58,3,0,205.73
2024-01-14,West,Electronics,285.79,3,0,857.36
2024-01-14,West,Electronics,363.25,4,15,1235.05
2024-01-14,East,Sports,65.37,3,10,176.5
2024-01-14,North,Books,26.59,2,0,53.17
2024-01-14,North,Electronics,262.35,2,0,524.7
2024-01-15,North,Books,14.84,3,0,44.53
2024-01-15,North,Electronics,216.92,2,5,412.15
2024-01-15,North,Books,20.19,2,0,40.38
2024-01-15,North,Clothing,46.35,3,0,139.05
2024-01-15,South,Books,24.66,4,0,98.66
2024-01-15,East,Sports,73.1,4,0,292.39
2024-01-15,West,Home & Garden,113.68,4,0,454.71
2024-01-16,East,Books,17.71,2,15,30.1
2024-01-16,North,Home & Garden,107.54,3,5,306.48
2024-01-16,South,Home & Garden,95.54,2,0,191.08
2024-01-16,West,Electronics,248.4,2,0,496.81
2024-01-16,South,Home & Garden,103.45,3,0,310.36
2024-01-16,East,Electronics,273.39,2,10,492.11
2024-01-16,North,Home & Garden,78.26,4,0,313.05
2024-01-16,West,Clothing,45.86,2,0,91.73
2024-01-16,North,Clothing,30.57,4,0,122.27
2024-01-16,East,Electronics,302.94,1,5,287.8
2024-01-16,East,Clothing,58.75,3,10,158.63
2024-01-16,North,Electronics,245.52,3,0,736.57
2024-01-16,North,Home & Garden,79.26,3,0,237.77
2024-01-16,West,Clothing,38.38,2,0,76.75
2024-01-16,South,Home & Garden,80.19,2,20,128.3
2024-01-16,East,Books,24.99,2,0,49.98
2024-01-17,North,Electronics,68.98,2,0,137.97
2024-01-17,East,Books,21.38,4,0,85.53
2024-01-17,West,Clothing,37.68,1,10,33.91
2024-01-17,West,Home & Garden,128.07,4,10,461.05
2024-01-17,East,Electronics,246.4,1,0,246.4
2024-01-17,East,Electronics,181.9,1,0,181.9
2024-01-17,South,Electronics,351.95,4,0,1407.78
2024-01-17,West,Clothing,48.62,1,0,48.62
2024-01-17,North,Home & Garden,88.44,2,0,176.88
2024-01-17,East,Sports,70.82,3,10,191.22
2024-01-17,South,Clothing,52.15,3,0,156.44
2024-01-17,South,Clothing,62.94,4,0,251.75
2024-01-17,East,Home & Garden,63.06,3,0,189.18
2024-01-17,North,Home & Garden,101.79,2,0,203.59
2024-01-17,South,Books,27.67,2,0,55.34
2024-01-18,East,Home & Garden,107.69,2,5,204.6
2024-01-18,East,Home & Garden,91.28,1,0,91.28
2024-01-18,North,Home & Garden,74.95,3,0,224.84
2024-01-18,North,Clothing,49.41,3,0,148.23
2024-01-18,South,Clothing,33.88,3,0,101.64
2024-01-18,East,Electronics,181.03,2,5,343.95
2024-01-18,North,Clothing,43.49,3,10,117.42
2024-01-18,East,Electronics,240.05,3,0,720.15
2024-01-18,East,Clothing,44.78,3,10,120.9
2024-01-18,South,Home & Garden,91.05,3,20,218.52
2024-01-18,East,Sports,55.74,1,0,55.74
2024-01-18,North,Clothing,49.51,2,15,84.17
2024-01-18,South,Electronics,205.1,3,10,553.77
2024-01-18,East,Sports,73.42,3,0,220.27
2024-01-19,North,Sports,54.69,1,0,54.69
2024-01-19,South,Electronics,278.35,3,0,835.04
2024-01-19,North,Clothing,44.01,2,0,88.01
2024-01-19,East,Home & Garden,131.59,2,0,263.19
2024-01-19,East,Home & Garden,86.05,2,15,146.29
2024-01-19,East,Clothing,38.99,1,10,35.09
2024-01-19,North,Clothing,37.7,4,0,150.78
2024-01-19,West,Home & Garden,55.52,4,0,222.08
2024-01-19,South,Books,22.31,1,0,22.31
2024-01-19,North,Electronics,382.37,4,0,1529.46
2024-01-19,East,Sports,49.42,4,0,197.7
2024-01-19,West,Home & Garden,78.88,3,0,236.65
2024-01-19,South,Electronics,348.97,1,0,348.97
2024-01-19,West,Clothing,41.55,2,0,83.1
2024-01-20,West,Books,26.07,1,0,26.07
2024-01-20,North,Sports,62.13,4,0,248.5
2024-01-20,West,Sports,43.94,2,0,87.88
2024-01-20,South,Electronics,194.39,1,0,194.39
2024-01-20,South,Clothing,49.37,3,5,140.71
2024-01-20,East,Home & Garden,129.86,4,0,519.44
2024-01-20,West,Electronics,222.59,4,0,890.35
2024-01-20,East,Electronics,322.89,3,0,968.68
2024-01-20,North,Clothing,51.04,2,20,81.66
2024-01-20,East,Books,15.51,2,0,31.02
2024-01-20,West,Books,32.32,2,10,58.18
2024-01-20,South,Books,18.5,2,0,37.0
2024-01-20,South,Electronics,253.54,4,0,1014.16
2024-01-20,East,Books,22.65,4,0,90.59
2024-01-20,North,Home & Garden,90.8,4,0,363.21
2024-01-20,South,Home & Garden,54.35,2,0,108.7
2024-01-20,North,Books,20.74,1,0,20.74
2024-01-20,North,Electronics,228.93,4,0,915.73
2024-01-20,North,Home & Garden,80.31,3,0,240.94
2024-01-20,North,Electronics,204.45,1,0,204.45
2024-01-20,South,Clothing,29.62,3,0,88.87
2024-01-20,South,Electronics,235.95,1,5,224.15
2024-01-20,North,Clothing,40.59,3,0,121.78
2024-01-21,East,Clothing,44.83,2,0,89.66
2024-01-21,West,Sports,59.77,3,0,179.31
2024-01-21,East,Clothing,51.52,4,0,206.07
2024-01-21,South,Electronics,323.01,4,10,1162.85
2024-01-21,East,Books,15.69,2,5,29.8
2024-01-21,West,Books,16.65,1,10,14.99
2024-01-21,North,Clothing,56.7,2,0,113.4
2024-01-21,West,Clothing,60.87,3,0,182.61
2024-01-21,North,Books,26.07,3,0,78.22
2024-01-21,North,Sports,90.2,1,0,90.2
2024-01-21,East,Home & Garden,82.73,3,0,248.19
2024-01-21,North,Books,15.99,2,20,25.58
2024-01-21,West,Books,26.49,3,0,79.48
2024-01-21,North,Electronics,324.11,4,0,1296.43
2024-01-21,North,Home & Garden,94.38,1,0,94.38
2024-01-21,East,Home & Garden,54.95,1,0,54.95
2024-01-21,North,Electronics,218.6,1,0,218.6
2024-01-21,North,Books,16.78,4,0,67.13
2024-01-21,South,Books,24.64,4,10,88.7
2024-01-21,East,Electronics,284.8,3,0,854.4
2024-01-21,South,Home & Garden,75.79,2,0,151.59
2024-01-21,West,Electronics,236.17,2,0,472.34
2024-01-21,West,Home & Garden,74.46,2,10,134.03
2024-01-21,West,Books,24.19,1,20,19.35
2024-01-21,East,Home & Garden,63.73,3,0,191.18
2024-01-21,North,Home & Garden,87.99,3,20,211.19
2024-01-21,South,Electronics,209.29,4,5,795.3
2024-01-21,South,Home & Garden,42.02,3,0,126.05
2024-01-22,West,Clothing,45.88,4,0,183.53
2024-01-22,North,Electronics,236.94,2,0,473.87
2024-01-22,South,Sports,47.24,2,0,94.48
2024-01-22,North,Clothing,48.13,2,10,86.63
2024-01-22,West,Sports,81.82,2,0,163.64
2024-01-22,West,Clothing,35.02,3,0,105.05
2024-01-22,South,Electronics,222.66,3,0,667.98
2024-01-22,East,Books,11.51,1,0,11.51
2024-01-22,North,Electronics,341.07,2,0,682.15
2024-01-23,East,Clothing,38.65,4,0,154.61
2024-01-23,East,Electronics,261.53,4,0,1046.14
2024-01-23,West,Clothing,44.92,2,0,89.84
2024-01-23,East,Sports,79.69,2,5,151.4
2024-01-23,East,Home & Garden,57.17,3,5,162.92
2024-01-23,North,Clothing,42.82,1,0,42.82
2024-01-23,East,Books,20.95,1,0,20.95
2024-01-23,South,Electronics,286.05,3,0,858.14
2024-01-23,West,Clothing,66.2,1,0,66.2
2024-01-23,West,Electronics,346.45,3,0,1039.36
2024-01-23,West,Clothing,23.67,1,0,23.67
2024-01-23,West,Electronics,260.64,1,10,234.58
2024-01-23,North,Sports,42.45,2,0,84.9
2024-01-23,North,Books,5.64,3,0,16.92
2024-01-23,East,Sports,65.32,4,0,261.29
2024-01-23,West,Clothing,32.65,1,0,32.65
2024-01-23,North,Clothing,35.12,4,5,133.47
2024-01-23,West,Clothing,35.7,3,0,107.09
2024-01-23,East,Electronics,217.12,4,0,868.48
2024-01-24,South,Sports,59.79,2,10,107.62
2024-01-24,North,Home & Garden,81.34,3,0,244.02
2024-01-24,West,Sports,67.74,2,5,128.7
2024-01-24,West,Clothing,32.51,4,0,130.03
2024-01-24,South,Books,22.84,4,0,91.34
2024-01-24,North,Electronics,204.09,3,0,612.26
2024-01-24,South,Books,15.95,1,10,14.35
2024-01-24,East,Electronics,273.72,2,0,547.44
2024-01-24,West,Clothing,65.38,1,15,55.57
2024-01-24,West,Home & Garden,32.74,1,5,31.1
2024-01-24,North,Sports,44.85,2,10,80.74
2024-01-24,South,Electronics,210.72,3,10,568.94
2024-01-24,South,Sports,69.04,4,0,276.15
2024-01-24,North,Books,18.54,2,5,35.23
2024-01-24,East,Home & Garden,48.74,4,0,194.94
2024-01-24,West,Home & Garden,60.53,4,0,242.12
2024-01-25,South,Electronics,249.66,4,0,998.65
2024-01-25,North,Sports,88.1,3,0,264.3
2024-01-25,North,Books,25.4,2,0,50.8
2024-01-25,East,Sports,72.51,3,10,195.77
2024-01-25,North,Home & Garden,71.44,4,0,285.78
2024-01-25,North,Books,15.22,4,5,57.85
2024-01-25,West,Books,22.12,1,10,19.91
2024-01-25,South,Books,21.33,1,5,20.26
2024-01-25,South,Books,19.77,2,0,39.55
2024-01-25,North,Electronics,324.21,1,10,291.79
2024-01-25,North,Clothing,74.13,3,0,222.4
2024-01-25,West,Sports,87.12,4,20,278.78
2024-01-25,West,Home & Garden,87.02,1,0,87.02
2024-01-25,South,Sports,45.01,1,0,45.01
2024-01-26,South,Books,17.48,3,0,52.43
2024-01-26,East,Home & Garden,49.63,1,10,44.67
2024-01-26,West,Clothing,58.99,1,0,58.99
2024-01-26,East,Clothing,39.77,3,0,119.32
2024-01-26,East,Books,21.01,3,0,63.02
2024-01-26,East,Home & Garden,41.28,3,0,123.83
2024-01-26,East,Clothing,46.42,4,15,157.81
2024-01-26,West,Sports,69.52,2,0,139.04
2024-01-26,West,Electronics,319.36,3,0,958.07
2024-01-27,West,Home & Garden,85.06,2,0,170.12
2024-01-27,North,Clothing,44.29,2,15,75.29
2024-01-27,North,Books,22.57,2,0,45.13
2024-01-27,West,Books,18.7,2,5,35.53
2024-01-27,South,Sports,69.89,2,0,139.78
2024-01-27,North,Electronics,225.85,1,0,225.85
2024-01-27,North,Clothing,54.0,3,0,162.0
2024-01-27,East,Home & Garden,47.67,3,15,121.57
2024-01-27,West,Home & Garden,98.05,3,0,294.15
2024-01-27,South,Sports,63.22,4,0,252.87
2024-01-27,East,Books,20.35,1,0,20.35
2024-01-27,North,Clothing,58.07,1,0,58.07
2024-01-27,West,Home & Garden,93.07,3,0,279.2
2024-01-27,West,Clothing,75.23,3,0,225.7
2024-01-27,West,Clothing,63.14,4,5,239.92
2024-01-27,East,Home & Garden,106.3,4,0,425.19
2024-01-27,South,Clothing,49.77,2,0,99.55
2024-01-27,West,Clothing,46.61,2,0,93.23
2024-01-27,North,Clothing,38.12,4,0,152.47
2024-01-27,South,Clothing,44.58,1,0,44.58
2024-01-27,North,Home & Garden,62.11,1,0,62.11
2024-01-27,West,Electronics,208.16,4,0,832.65
2024-01-27,North,Clothing,48.59,2,0,97.18
2024-01-27,North,Clothing,60.08,4,0,240.32
2024-01-28,South,Home & Garden,79.63,3,0,238.89
2024-01-28,South,Books,25.38,1,0,25.38
2024-01-28,South,Clothing,48.01,4,0,192.02
2024-01-28,North,Sports,67.63,4,10,243.47
2024-01-28,North,Home & Garden,82.9,2,0,165.79
2024-01-28,East,Sports,50.78,4,0,203.11
2024-01-28,North,Clothing,43.52,2,0,87.05
2024-01-28,East,Clothing,45.86,1,0,45.86
2024-01-28,South,Home & Garden,84.13,4,0,336.54
2024-01-28,East,Sports,71.38,1,0,71.38
2024-01-28,South,Electronics,247.92,3,0,743.77
2024-01-28,North,Clothing,42.66,1,0,42.66
2024-01-28,East,Clothing,54.62,4,0,218.5
2024-01-28,West,Clothing,59.48,1,0,59.48
2024-01-28,South,Sports,80.89,3,0,242.66
2024-01-28,East,Sports,56.25,3,0,168.75
2024-01-28,East,Clothing,62.84,1,0,62.84
2024-01-28,South,Electronics,298.72,3,0,896.17
2024-01-28,West,Clothing,59.74,3,0,179.22
2024-01-28,East,Home & Garden,107.91,1,0,107.91
2024-01-28,East,Clothing,66.28,1,20,53.02
2024-01-28,North,Books,17.69,3,20,42.45
2024-01-28,South,Electronics,244.48,2,0,488.95
2024-01-28,South,Electronics,226.87,1,0,226.87
2024-01-28,West,Electronics,244.16,3,0,732.48
2024-01-28,West,Home & Garden,84.58,1,0,84.58
2024-01-28,West,Clothing,27.33,4,20,87.45
2024-01-29,North,Electronics,179.58,3,0,538.73
2024-01-29,South,Clothing,30.81,4,10,110.91
2024-01-29,South,Electronics,195.94,3,0,587.81
2024-01-29,South,Home & Garden,29.39,1,5,27.92
2024-01-29,South,Clothing,41.78,4,0,167.13
2024-01-29,North,Clothing,44.66,4,15,151.85
2024-01-29,North,Home & Garden,68.65,2,5,130.43
2024-01-29,South,Books,21.54,4,0,86.16
2024-01-29,East,Clothing,40.59,2,15,69.01
2024-01-29,North,Clothing,44.85,4,0,179.39
2024-01-29,South,Clothing,49.39,3,0,148.18
2024-01-29,East,Clothing,20.97,2,5,39.85
2024-01-29,West,Clothing,80.3,4,10,289.08
2024-01-29,East,Home & Garden,103.32,4,0,413.26
2024-01-29,South,Clothing,42.7,1,0,42.7
2024-01-30,East,Electronics,189.27,2,0,378.54
2024-01-30,East,Home & Garden,52.41,2,0,104.82
2024-01-30,West,Home & Garden,69.29,3,0,207.86
2024-01-30,South,Home & Garden,97.13,3,0,291.4
2024-01-30,East,Sports,77.83,4,5,295.77
2024-01-30,North,Clothing,52.97,2,0,105.94
2024-01-30,South,Clothing,42.85,3,0,128.55
2024-01-30,East,Home & Garden,69.03,1,20,55.22
2024-01-30,South,Clothing,45.01,2,0,90.03
2024-01-30,South,Electronics,198.93,2,0,397.86
2024-01-30,North,Electronics,304.56,2,0,609.11
2024-01-30,North,Electronics,210.63,3,0,631.89
2024-01-30,North,Home & Garden,81.2,1,0,81.2
2024-01-30,East,Electronics,267.34,3,0,802.01
2024-01-30,South,Home & Garden,67.02,4,0,268.09
2024-01-30,South,Electronics,261.82,1,10,235.64
2024-01-30,East,Home & Garden,87.85,2,0,175.7
2024-01-31,North,Clothing,39.27,1,0,39.27
2024-01-31,South,Electronics,309.69,3,0,929.08
2024-01-31,South,Clothing,33.38,4,5,126.84
2024-01-31,South,Electronics,165.88,3,10,447.88
2024-01-31,East,Books,15.9,3,0,47.71
2024-01-31,West,Clothing,44.26,1,15,37.62
2024-01-31,West,Home & Garden,119.63,3,0,358.9
2024-01-31,East,Home & Garden,81.77,2,0,163.55
2024-01-31,South,Home & Garden,83.95,1,0,83.95
2024-01-31,South,Books,5.84,3,0,17.51
2024-01-31,East,Sports,60.25,1,0,60.25
2024-01-31,East,Clothing,48.68,4,0,194.7
2024-01-31,West,Sports,64.51,2,0,129.01
2024-01-31,East,Home & Garden,65.16,3,0,195.48
2024-01-31,East,Books,17.91,4,0,71.64
2024-01-31,East,Electronics,229.46,3,0,688.38
2024-01-31,West,Sports,69.05,1,0,69.05
2024-01-31,West,Electronics,154.67,2,5,293.87
2024-01-31,West,Electronics,179.14,3,0,537.41
2024-02-01,North,Clothing,45.25,2,5,85.98
2024-02-01,South,Clothing,51.16,1,0,51.16
2024-02-01,West,Electronics,235.14,2,0,470.29
2024-02-01,South,Clothing,47.16,3,0,141.49
2024-02-01,South,Clothing,46.85,3,0,140.56
2024-02-01,South,Sports,60.76,3,5,173.18
2024-02-01,South,Clothing,40.55,1,15,34.46
2024-02-01,East,Clothing,42.98,4,0,171.92
2024-02-01,North,Books,20.1,3,0,60.31
2024-02-01,East,Electronics,264.42,2,0,528.84
2024-02-01,North,Home & Garden,87.87,3,20,210.88
2024-02-01,South,Books,27.06,3,0,81.19
2024-02-01,North,Clothing,42.37,4,0,169.47
2024-02-01,North,Home & Garden,89.33,2,0,178.65
2024-02-01,North,Home & Garden,58.22,2,0,116.44
2024-02-02,West,Books,19.22,2,0,38.44
2024-02-02,West,Clothing,20.12,2,0,40.23
2024-02-02,West,Clothing,62.25,1,0,62.25
2024-02-02,West,Books,22.24,4,0,88.96
2024-02-02,North,Home & Garden,87.42,4,20,279.75
2024-02-02,East,Books,12.01,1,15,10.21
2024-02-02,North,Electronics,278.89,2,20,446.22
2024-02-02,North,Sports,60.4,2,20,96.64
2024-02-02,South,Books,22.86,2,5,43.43
2024-02-02,North,Home & Garden,60.87,4,5,231.31
2024-02-02,West,Home & Garden,89.45,1,0,89.45
2024-02-02,South,Books,23.14,4,10,83.32
2024-02-02,North,Home & Garden,54.61,4,0,218.45
2024-02-02,South,Electronics,381.23,2,15,648.1
2024-02-02,North,Books,18.76,2,20,30.02
2024-02-02,North,Sports,39.84,1,0,39.84
2024-02-02,North,Clothing,26.96,2,0,53.93
2024-02-02,East,Clothing,22.84,4,10,82.21
2024-02-03,West,Sports,73.39,1,0,73.39
2024-02-03,North,Books,12.3,3,0,36.9
2024-02-03,South,Sports,89.75,1,0,89.75
2024-02-03,West,Books,19.05,4,10,68.6
2024-02-03,West,Home & Garden,98.43,1,0,98.43
2024-02-03,North,Clothing,40.88,1,0,40.88
2024-02-03,North,Books,22.22,1,0,22.22
2024-02-03,West,Sports,78.54,4,0,314.15
2024-02-03,West,Home & Garden,58.58,1,0,58.58
2024-02-03,North,Clothing,52.77,1,5,50.13
2024-02-03,North,Electronics,90.1,1,0,90.1
2024-02-03,North,Electronics,292.46,3,0,877.38
2024-02-03,East,Home & Garden,57.02,2,0,114.05
2024-02-03,East,Sports,53.1,3,20,127.43
2024-02-03,South,Electronics,179.03,2,0,358.07
2024-02-03,East,Home & Garden,81.71,2,0,163.41
2024-02-03,North,Home & Garden,63.83,1,20,51.07
2024-02-03,North,Clothing,27.13,1,0,27.13
2024-02-03,East,Sports,71.89,3,0,215.68
2024-02-03,South,Books,22.67,4,0,90.69
2024-02-03,West,Electronics,305.48,2,5,580.41
2024-02-03,West,Clothing,38.97,1,0,38.97
2024-02-03,East,Electronics,283.75,1,5,269.56
2024-02-03,East,Home & Garden,79.89,3,0,239.66
2024-02-03,South,Clothing,52.52,4,0,210.09
2024-02-03,North,Sports,59.1,4,0,236.38
2024-02-03,South,Sports,66.82,1,20,53.46
2024-02-03,North,Home & Garden,93.98,1,20,75.18
2024-02-03,East,Books,22.1,4,0,88.42
2024-02-03,West,Electronics,180.18,4,10,648.64
2024-02-03,South,Electronics,186.74,2,0,373.49
2024-02-03,East,Sports,54.46,1,0,54.46
2024-02-03,South,Electronics,258.96,4,0,1035.85
2024-02-03,South,Sports,49.72,3,0,149.17
2024-02-03,North,Clothing,43.3,2,0,86.59
2024-02-03,North,Clothing,46.8,2,5,88.92
2024-02-03,North,Sports,67.53,4,5,256.6
2024-02-03,North,Clothing,39.3,1,0,39.3
2024-02-03,South,Books,11.66,2,20,18.65
2024-02-03,North,Clothing,55.01,1,0,55.01
2024-02-03,South,Electronics,314.7,3,0,944.11
2024-02-03,South,Clothing,55.67,2,0,111.34
2024-02-04,West,Electronics,169.63,1,0,169.63
2024-02-04,East,Home & Garden,54.01,2,5,102.62
2024-02-04,South,Home & Garden,96.59,1,5,91.76
2024-02-04,East,Clothing,52.38,1,0,52.38
2024-02-04,North,Clothing,27.71,1,15,23.56
2024-02-04,East,Books,21.95,2,0,43.91
2024-02-04,North,Home & Garden,53.47,1,0,53.47
2024-02-04,North,Clothing,43.77,1,0,43.77
2024-02-04,East,Electronics,281.09,2,0,562.19
2024-02-04,North,Clothing,47.53,3,10,128.34
2024-02-04,West,Sports,54.46,3,5,155.2
2024-02-04,North,Home & Garden,111.36,2,5,211.59
2024-02-04,North,Home & Garden,105.81,1,10,95.23
2024-02-04,East,Electronics,201.01,1,0,201.01
2024-02-04,West,Clothing,37.23,2,5,70.74
2024-02-04,East,Home & Garden,88.16,3,0,264.47
2024-02-04,North,Sports,66.79,3,0,200.36
2024-02-04,East,Sports,48.55,2,0,97.1
2024-02-04,North,Sports,60.57,3,0,181.71
2024-02-04,South,Books,25.53,1,0,25.53
2024-02-04,West,Home & Garden,92.82,2,0,185.65
2024-02-04,South,Home & Garden,69.01,3,0,207.03
2024-02-04,North,Home & Garden,97.19,3,0,291.58
2024-02-04,South,Books,21.26,2,0,42.52
2024-02-04,South,Books,18.12,1,0,18.12
2024-02-04,North,Electronics,299.4,1,10,269.46
2024-02-05,North,Books,21.7,3,0,65.1
2024-02-05,South,Clothing,56.8,1,10,51.12
2024-02-05,North,Sports,53.0,1,0,53.0
2024-02-05,South,Home & Garden,75.4,3,10,203.59
2024-02-05,South,Home & Garden,62.97,1,0,62.97
2024-02-05,West,Books,18.05,2,0,36.11
2024-02-05,South,Clothing,62.9,4,0,251.59
2024-02-05,North,Electronics,310.99,2,0,621.98
2024-02-05,South,Clothing,55.33,2,0,110.67
2024-02-05,West,Electronics,201.27,4,0,805.09
2024-02-05,North,Clothing,41.76,3,0,125.28
2024-02-05,South,Electronics,313.84,3,5,894.43
2024-02-05,West,Home & Garden,121.77,4,5,462.72
2024-02-05,North,Home & Garden,100.3,2,0,200.61
2024-02-06,South,Books,18.79,3,0,56.38
2024-02-06,East,Electronics,303.65,3,5,865.41
2024-02-06,West,Sports,56.48,2,5,107.31
2024-02-06,North,Clothing,67.82,4,5,257.72
2024-02-06,West,Sports,74.38,1,0,74.38
2024-02-06,West,Sports,59.2,3,0,177.61
2024-02-06,South,Home & Garden,104.47,3,10,282.07
2024-02-06,West,Clothing,42.92,4,0,171.69
2024-02-06,North,Electronics,206.36,4,10,742.91
2024-02-06,South,Home & Garden,67.87,2,0,135.73
2024-02-06,West,Electronics,263.21,1,0,263.21
2024-02-06,South,Electronics,171.61,3,5,489.08
2024-02-06,South,Clothing,28.45,3,0,85.36
2024-02-06,East,Electronics,290.72,1,0,290.72
2024-02-06,East,Electronics,178.89,4,0,715.58
2024-02-06,North,Sports,80.95,1,0,80.95
2024-02-06,East,Sports,66.22,3,0,198.66
2024-02-06,East,Sports,53.35,4,0,213.42
2024-02-06,North,Clothing,39.61,3,0,118.82
2024-02-06,East,Books,29.32,2,0,58.65
2024-02-06,South,Sports,76.65,4,0,306.6
2024-02-06,South,Electronics,226.84,4,5,862.0
2024-02-06,East,Home & Garden,51.89,2,0,103.78
2024-02-07,East,Sports,73.9,3,0,221.7
2024-02-07,East,Electronics,181.34,2,0,362.68
2024-02-07,North,Home & Garden,89.26,2,0,178.53
2024-02-07,East,Sports,39.49,4,5,150.07
2024-02-07,North,Electronics,190.66,4,0,762.64
2024-02-07,South,Clothing,61.14,1,10,55.03
2024-02-07,North,Home & Garden,81.91,2,0,163.81
2024-02-07,North,Home & Garden,74.73,3,15,190.56
2024-02-07,West,Sports,52.96,2,5,100.63
2024-02-07,West,Sports,69.67,4,0,278.68
2024-02-07,East,Sports,44.75,4,10,161.1
2024-02-07,West,Clothing,42.25,2,0,84.51
2024-02-07,East,Electronics,333.43,4,0,1333.73
2024-02-07,South,Electronics,289.36,3,0,868.08
2024-02-08,East,Books,18.24,2,0,36.49
2024-02-08,East,Home & Garden,111.27,3,15,283.73
2024-02-08,West,Clothing,28.45,3,0,85.36
2024-02-08,South,Books,20.71,2,5,39.34
2024-02-08,East,Electronics,372.13,3,10,1004.76
2024-02-08,North,Books,17.47,4,0,69.89
2024-02-08,East,Home & Garden,53.77,3,5,153.23
2024-02-08,West,Clothing,54.76,4,5,208.09
2024-02-08,South,Home & Garden,73.3,4,0,293.19
2024-02-08,North,Electronics,271.4,3,10,732.77
2024-02-08,West,Books,15.1,2,10,27.18
2024-02-08,East,Sports,105.93,2,15,180.08
2024-02-08,East,Home & Garden,70.68,4,0,282.74
2024-02-08,North,Books,19.25,4,10,69.28
2024-02-08,West,Home & Garden,88.58,3,0,265.73
2024-02-08,South,Sports,54.88,4,10,197.58
2024-02-08,West,Electronics,265.82,3,0,797.47
2024-02-08,West,Sports,72.31,2,0,144.61
2024-02-08,North,Books,21.72,2,0,43.43
2024-02-08,East,Sports,64.63,3,0,193.88
2024-02-09,North,Electronics,233.99,3,20,561.57
2024-02-09,North,Electronics,234.91,4,0,939.63
2024-02-09,East,Clothing,33.58,4,10,120.9
2024-02-09,South,Clothing,36.44,1,0,36.44
2024-02-09,North,Sports,53.81,3,20,129.13
2024-02-09,North,Electronics,192.08,3,0,576.24
2024-02-09,East,Sports,63.55,4,0,254.19
2024-02-09,South,Electronics,183.56,4,0,734.25
2024-02-09,North,Clothing,55.3,2,0,110.6
2024-02-09,South,Electronics,215.65,1,0,215.65
2024-02-09,East,Sports,53.79,3,0,161.36
2024-02-09,East,Sports,72.09,4,0,288.35
2024-02-10,East,Clothing,59.03,3,0,177.08
2024-02-10,East,Electronics,246.12,3,0,738.37
2024-02-10,East,Electronics,266.37,1,0,266.37
2024-02-10,West,Clothing,30.88,4,0,123.52
2024-02-10,South,Home & Garden,84.34,4,0,337.34
2024-02-10,West,Clothing,32.66,2,10,58.78
2024-02-10,North,Books,20.34,1,5,19.32
2024-02-10,North,Books,22.23,4,0,88.9
2024-02-10,East,Sports,52.03,1,0,52.03
2024-02-10,North,Home & Garden,89.68,4,0,358.71
2024-02-10,North,Electronics,268.51,4,0,1074.05
2024-02-10,North,Clothing,49.22,1,0,49.22
2024-02-10,North,Clothing,34.46,2,5,65.48
2024-02-10,East,Electronics,208.26,4,5,791.4
2024-02-10,North,Clothing,66.82,3,15,170.38
2024-02-10,South,Sports,38.98,2,0,77.97
2024-02-10,North,Electronics,258.83,4,0,1035.31
2024-02-10,South,Sports,28.04,1,0,28.04
2024-02-10,North,Home & Garden,103.99,1,5,98.79
2024-02-10,East,Electronics,236.33,4,0,945.34
2024-02-11,East,Clothing,40.32,4,0,161.27
2024-02-11,North,Home & Garden,57.4,3,5,163.59
2024-02-11,North,Home & Garden,94.86,2,0,189.71
2024-02-11,South,Sports,61.71,3,0,185.12
2024-02-11,East,Electronics,237.83,3,0,713.49
2024-02-11,North,Home & Garden,78.72,3,0,236.15
2024-02-11,East,Clothing,48.73,2,15,82.84
2024-02-11,South,Clothing,51.0,2,5,96.9
2024-02-11,East,Home & Garden,67.92,3,10,183.39
2024-02-11,North,Books,18.85,1,15,16.02
2024-02-11,North,Clothing,32.68,2,0,65.35
2024-02-11,West,Electronics,268.65,4,0,1074.6
2024-02-11,East,Sports,67.0,3,0,201.0
2024-02-11,North,Books,27.61,1,0,27.61
2024-02-11,North,Home & Garden,45.85,3,0,137.56
2024-02-11,East,Clothing,27.52,4,0,110.09
2024-02-11,North,Electronics,216.94,1,10,195.25
2024-02-11,West,Electronics,183.97,1,0,183.97
2024-02-11,North,Clothing,53.78,2,0,107.56
2024-02-11,East,Clothing,26.72,2,15,45.43
2024-02-11,South,Sports,68.15,4,10,245.35
2024-02-11,South,Home & Garden,84.0,4,0,335.98
2024-02-11,South,Electronics,279.17,1,0,279.17
2024-02-11,North,Clothing,50.7,3,20,121.67
2024-02-11,North,Electronics,344.77,4,0,1379.1
2024-02-11,West,Electronics,287.63,3,0,862.9
2024-02-11,East,Clothing,44.26,3,0,132.77
2024-02-11,North,Electronics,278.17,1,0,278.17
2024-02-12,North,Home & Garden,101.65,1,0,101.65
2024-02-12,West,Sports,52.93,2,10,95.28
2024-02-12,South,Electronics,245.73,2,15,417.75
2024-02-12,East,Electronics,196.79,4,10,708.44
2024-02-12,West,Clothing,23.97,3,0,71.9
2024-02-12,East,Electronics,225.72,3,0,677.15
2024-02-12,North,Clothing,32.09,4,0,128.37
2024-02-12,South,Books,18.44,2,0,36.88
2024-02-12,South,Electronics,288.14,4,0,1152.55
2024-02-12,East,Electronics,259.81,3,0,779.43
2024-02-12,West,Sports,36.58,3,20,87.79
2024-02-13,South,Home & Garden,107.6,1,0,107.6
2024-02-13,South,Electronics,269.84,2,0,539.68
2024-02-13,North,Home & Garden,73.34,2,0,146.69
2024-02-13,North,Home & Garden,87.07,4,0,348.28
2024-02-13,South,Clothing,42.12,4,0,168.48
2024-02-13,East,Home & Garden,65.34,4,0,261.36
2024-02-13,West,Home & Garden,116.36,2,0,232.72
2024-02-13,West,Clothing,53.24,4,0,212.95
2024-02-13,North,Home & Garden,75.73,1,0,75.73
2024-02-13,East,Clothing,43.94,1,0,43.94
2024-02-13,West,Sports,66.29,3,15,169.05
2024-02-13,South,Sports,61.1,3,0,183.3
2024-02-13,South,Clothing,41.22,1,0,41.22
2024-02-13,East,Electronics,278.16,2,5,528.51
2024-02-14,South,Sports,31.95,2,0,63.91
2024-02-14,South,Electronics,179.21,3,0,537.62
2024-02-14,West,Books,21.72,3,0,65.17
2024-02-14,North,Books,19.3,2,0,38.61
2024-02-14,South,Electronics,296.23,3,0,888.68
2024-02-14,East,Electronics,207.71,4,0,830.83
2024-02-14,South,Home & Garden,100.09,2,0,200.18
2024-02-14,North,Sports,67.1,3,0,201.31
2024-02-14,North,Electronics,233.27,1,10,209.95
2024-02-14,West,Electronics,289.73,1,0,289.73
2024-02-15,East,Clothing,38.83,3,0,116.48
2024-02-15,East,Electronics,68.31,3,0,204.94
2024-02-15,East,Home & Garden,72.5,1,0,72.5
2024-02-15,West,Sports,57.42,2,0,114.84
2024-02-15,South,Electronics,239.4,2,0,478.79
2024-02-15,North,Clothing,34.36,2,20,54.98
2024-02-15,South,Clothing,51.84,3,0,155.53
2024-02-15,North,Clothing,53.56,1,0,53.56
2024-02-15,South,Electronics,178.38,1,0,178.38
2024-02-15,East,Clothing,31.54,2,0,63.07
2024-02-15,South,Home & Garden,97.87,4,20,313.2
2024-02-16,East,Books,18.6,2,0,37.2
2024-02-16,South,Home & Garden,43.48,4,0,173.92
2024-02-16,West,Electronics,261.57,1,0,261.57
2024-02-16,North,Home & Garden,88.51,3,10,238.97
2024-02-16,North,Books,23.32,2,0,46.63
2024-02-16,South,Electronics,204.73,3,20,491.36
2024-02-16,East,Sports,77.75,1,15,66.09
2024-02-16,East,Electronics,176.37,2,0,352.74
2024-02-16,North,Sports,70.93,4,0,283.73
2024-02-16,East,Home & Garden,59.25,3,0,177.76
2024-02-16,North,Home & Garden,63.06,2,0,126.13
2024-02-16,South,Electronics,328.1,2,0,656.2
2024-02-16,North,Clothing,45.85,1,0,45.85
2024-02-16,East,Clothing,41.93,2,0,83.86
2024-02-16,West,Electronics,261.54,1,0,261.54
2024-02-16,South,Home & Garden,98.76,1,0,98.76
2024-02-16,South,Books,14.66,4,20,46.92
2024-02-16,East,Sports,55.81,1,15,47.44
2024-02-16,East,Home & Garden,87.35,3,0,262.06
2024-02-17,West,Clothing,46.67,3,0,140.0
2024-02-17,North,Sports,77.48,2,0,154.95
2024-02-17,North,Sports,41.32,1,10,37.18
2024-02-17,West,Home & Garden,75.69,4,0,302.75
2024-02-17,North,Books,15.64,1,5,14.85
2024-02-17,South,Clothing,45.28,4,10,163.01
2024-02-17,West,Books,18.5,1,0,18.5
2024-02-17,South,Clothing,27.43,1,0,27.43
2024-02-17,South,Electronics,343.96,4,0,1375.85
2024-02-17,West,Clothing,57.03,3,10,153.97
2024-02-17,South,Clothing,46.03,1,0,46.03
2024-02-17,South,Home & Garden,56.93,3,0,170.8
2024-02-17,East,Home & Garden,102.75,4,0,410.99
2024-02-17,East,Sports,60.0,2,0,120.0
2024-02-17,East,Home & Garden,101.67,1,0,101.67
2024-02-17,South,Home & Garden,72.77,4,0,291.08
2024-02-17,South,Clothing,49.69,3,0,149.06
2024-02-17,South,Electronics,323.78,2,0,647.56
2024-02-17,North,Books,31.39,2,0,62.78
2024-02-17,East,Clothing,55.28,1,20,44.22
2024-02-17,South,Electronics,153.39,3,0,460.18
2024-02-17,East,Clothing,51.74,2,0,103.47
2024-02-17,West,Home & Garden,61.6,1,0,61.6
2024-02-17,North,Sports,44.6,2,0,89.21
2024-02-17,West,Home & Garden,104.6,2,0,209.2
2024-02-17,West,Clothing,47.45,3,0,142.36
2024-02-17,West,Clothing,33.99,1,0,33.99
2024-02-17,North,Home & Garden,56.93,3,0,170.8
2024-02-17,West,Electronics,144.54,3,0,433.62
2024-02-18,North,Sports,62.59,2,0,125.18
2024-02-18,North,Clothing,50.75,4,0,202.99
2024-02-18,South,Clothing,41.85,2,0,83.7
2024-02-18,East,Home & Garden,60.71,4,0,242.84
2024-02-18,East,Books,10.77,3,0,32.31
2024-02-18,South,Home & Garden,98.39,4,15,334.54
2024-02-18,South,Clothing,44.17,3,0,132.5
2024-02-18,East,Home & Garden,78.49,2,5,149.12
2024-02-18,East,Sports,59.31,4,15,201.66
2024-02-18,South,Clothing,35.65,3,15,90.9
2024-02-18,North,Books,22.18,3,20,53.23
2024-02-18,North,Books,7.34,2,10,13.21
2024-02-18,West,Electronics,213.13,2,0,426.26
2024-02-18,East,Electronics,302.77,4,0,1211.07
2024-02-18,East,Books,13.54,1,10,12.18
2024-02-18,North,Clothing,39.01,3,0,117.04
2024-02-18,South,Sports,79.04,2,0,158.08
2024-02-18,South,Electronics,263.31,3,20,631.94
2024-02-18,South,Home & Garden,91.47,1,0,91.47
2024-02-18,West,Sports,40.86,1,5,38.81
2024-02-18,South,Electronics,212.97,1,0,212.97
2024-02-18,North,Sports,63.52,1,0,63.52
2024-02-18,North,Clothing,12.04,4,0,48.17
2024-02-18,North,Clothing,68.1,3,0,204.29
2024-02-19,East,Books,22.73,1,15,19.32
2024-02-19,East,Sports,61.03,2,0,122.07
2024-02-19,East,Electronics,221.59,4,20,709.09
2024-02-19,East,Sports,56.72,2,0,113.44
2024-02-19,South,Books,21.6,2,15,36.71
2024-02-19,North,Clothing,46.47,3,0,139.42
2024-02-19,East,Home & Garden,73.96,4,0,295.83
2024-02-19,East,Electronics,87.3,1,0,87.3
2024-02-20,East,Clothing,29.32,1,0,29.32
2024-02-20,East,Electronics,214.62,2,0,429.23
2024-02-20,South,Books,19.08,1,0,19.08
2024-02-20,West,Clothing,40.99,2,10,73.78
2024-02-20,West,Electronics,154.54,3,0,463.63
2024-02-20,North,Electronics,143.62,4,5,545.74
2024-02-20,South,Home & Garden,88.7,1,0,88.7
2024-02-20,West,Books,22.38,3,0,67.13
2024-02-20,South,Clothing,46.77,4,0,187.08
2024-02-20,East,Books,20.03,4,0,80.12
2024-02-20,West,Books,17.09,4,5,64.95
2024-02-20,East,Home & Garden,56.52,1,0,56.52
2024-02-20,East,Electronics,410.62,1,0,410.62
2024-02-20,North,Sports,39.63,3,0,118.88
2024-02-20,East,Home & Garden,97.59,1,0,97.59
2024-02-20,North,Home & Garden,58.45,1,0,58.45
2024-02-20,North,Clothing,65.36,1,0,65.36
2024-02-20,South,Clothing,28.41,3,0,85.24
2024-02-20,East,Electronics,290.03,3,0,870.1
2024-02-20,North,Electronics,257.69,4,0,1030.77
2024-02-20,South,Home & Garden,79.24,1,0,79.24
2024-02-20,North,Home & Garden,81.0,4,0,323.98
2024-02-20,West,Clothing,48.61,1,0,48.61
2024-02-20,North,Electronics,262.13,4,0,1048.51
2024-02-21,East,Clothing,36.84,3,5,105.0
2024-02-21,East,Sports,63.0,2,0,126.0
2024-02-21,South,Sports,76.03,4,0,304.1
2024-02-21,South,Home & Garden,92.08,1,0,92.08
2024-02-21,East,Home & Garden,89.59,2,5,170.23
2024-02-21,North,Electronics,262.43,3,0,787.3
2024-02-21,North,Books,15.88,1,0,15.88
2024-02-21,North,Clothing,36.91,1,0,36.91
2024-02-21,East,Sports,47.9,3,0,143.7
2024-02-21,West,Electronics,144.21,1,0,144.21
2024-02-21,East,Sports,45.21,2,20,72.34
2024-02-21,South,Home & Garden,74.32,3,0,222.95
2024-02-21,South,Clothing,59.52,3,0,178.55
2024-02-22,North,Home & Garden,95.28,4,0,381.13
2024-02-22,South,Electronics,188.13,4,0,752.51
2024-02-22,East,Clothing,44.61,1,0,44.61
2024-02-22,West,Books,17.18,4,0,68.7
2024-02-22,West,Clothing,49.76,3,0,149.28
2024-02-22,East,Home & Garden,72.8,3,0,218.4
2024-02-22,North,Clothing,36.81,4,0,147.24
2024-02-22,East,Sports,72.25,1,20,57.8
2024-02-22,East,Electronics,223.36,2,0,446.72
2024-02-22,West,Electronics,254.57,3,0,763.72
2024-02-22,North,Electronics,240.61,3,10,649.65
2024-02-22,South,Electronics,255.69,3,0,767.08
2024-02-22,East,Books,29.03,3,5,82.74
2024-02-23,South,Books,17.14,2,0,34.28
2024-02-23,South,Electronics,270.79,3,0,812.36
2024-02-23,East,Clothing,56.21,4,0,224.84
2024-02-23,West,Books,16.35,1,20,13.08
2024-02-23,South,Clothing,48.16,2,0,96.32
2024-02-23,North,Electronics,116.71,1,0,116.71
2024-02-23,West,Electronics,263.43,4,0,1053.71
2024-02-23,South,Clothing,38.68,2,0,77.36
2024-02-23,West,Home & Garden,56.01,2,0,112.01
2024-02-23,West,Home & Garden,33.68,2,0,67.35
2024-02-23,West,Clothing,42.43,1,0,42.43
2024-02-23,South,Books,23.1,2,0,46.2
2024-02-23,West,Sports,49.28,2,5,93.63
2024-02-23,West,Sports,67.82,3,0,203.46
2024-02-23,North,Home & Garden,55.33,4,5,210.25
2024-02-23,North,Sports,37.66,4,20,120.5
2024-02-23,North,Electronics,328.3,1,5,311.89
2024-02-24,West,Sports,53.28,2,0,106.55
2024-02-24,East,Clothing,44.89,2,0,89.77
2024-02-24,North,Sports,64.45,4,20,206.23
2024-02-24,West,Electronics,189.04,3,0,567.12
2024-02-24,West,Electronics,331.47,2,0,662.94
2024-02-24,West,Electronics,183.51,4,0,734.05
2024-02-24,North,Clothing,36.11,1,0,36.11
2024-02-24,South,Clothing,21.65,2,10,38.97
2024-02-24,South,Sports,58.71,2,0,117.42
2024-02-24,South,Electronics,225.95,4,0,903.8
2024-02-24,South,Electronics,268.04,2,0,536.08
2024-02-24,West,Home & Garden,91.72,4,0,366.89
2024-02-24,South,Electronics,224.22,4,5,852.05
2024-02-24,West,Books,16.8,3,10,45.37
2024-02-24,West,Sports,46.64,4,0,186.55
2024-02-24,East,Electronics,252.17,2,0,504.34
2024-02-24,South,Home & Garden,40.63,3,0,121.89
2024-02-24,North,Clothing,39.34,2,0,78.67
2024-02-24,North,Books,19.53,1,0,19.53
2024-02-24,North,Clothing,40.5,3,0,121.5
2024-02-24,South,Clothing,48.03,3,0,144.09
2024-02-24,North,Electronics,267.44,2,15,454.64
2024-02-24,West,Home & Garden,97.24,4,0,388.95
2024-02-24,South,Electronics,327.35,2,0,654.71
2024-02-24,South,Books,21.9,3,0,65.7
2024-02-24,East,Home & Garden,60.3,3,5,171.84
2024-02-24,North,Clothing,60.81,2,0,121.61
2024-02-24,North,Books,26.48,2,0,52.96
2024-02-25,East,Clothing,32.54,1,0,32.54
2024-02-25,North,Electronics,216.49,1,10,194.84
2024-02-25,South,Electronics,233.5,4,0,933.99
2024-02-25,West,Electronics,269.97,3,0,809.91
2024-02-25,North,Books,28.27,2,0,56.54
2024-02-25,West,Clothing,59.92,3,0,179.75
2024-02-25,South,Home & Garden,66.94,3,10,180.75
2024-02-25,North,Clothing,27.76,3,0,83.27
2024-02-25,South,Home & Garden,76.07,2,20,121.72
2024-02-25,South,Clothing,52.86,1,0,52.86
2024-02-25,South,Clothing,42.15,3,0,126.46
2024-02-25,West,Clothing,60.68,4,0,242.71
2024-02-25,East,Clothing,52.99,1,0,52.99
2024-02-25,East,Clothing,36.65,4,0,146.61
2024-02-25,East,Electronics,330.73,2,0,661.45
2024-02-25,North,Sports,37.51,4,0,150.06
2024-02-25,South,Home & Garden,78.16,4,0,312.65
2024-02-25,West,Home & Garden,59.72,2,0,119.45
2024-02-25,South,Clothing,54.54,4,0,218.16
2024-02-25,West,Electronics,310.02,4,5,1178.07
2024-02-25,West,Books,22.31,3,5,63.59
2024-02-25,East,Books,10.7,1,0,10.7
2024-02-25,South,Electronics,304.02,2,0,608.03
2024-02-25,West,Home & Garden,68.06,4,0,272.24
2024-02-25,North,Books,8.05,1,5,7.65
2024-02-25,West,Electronics,174.49,3,5,497.29
2024-02-26,North,Home & Garden,74.97,4,0,299.87
2024-02-26,East,Books,16.34,2,0,32.68
2024-02-26,East,Electronics,368.15,3,0,1104.46
2024-02-26,North,Sports,54.49,3,0,163.48
2024-02-26,North,Electronics,205.95,2,0,411.9
2024-02-26,East,Books,21.78,1,5,20.69
2024-02-26,North,Clothing,47.16,3,0,141.47
2024-02-26,East,Clothing,21.85,1,5,20.76
2024-02-26,West,Clothing,49.01,4,0,196.03
2024-02-26,South,Home & Garden,46.22,1,0,46.22
2024-02-27,East,Sports,52.93,1,0,52.93
2024-02-27,South,Books,20.15,2,0,40.29
2024-02-27,South,Home & Garden,74.59,1,0,74.59
2024-02-27,East,Electronics,80.98,4,5,307.71
2024-02-27,South,Sports,50.55,2,0,101.1
2024-02-27,South,Sports,61.77,3,5,176.05
2024-02-27,South,Clothing,37.42,3,0,112.25
2024-02-27,North,Clothing,39.59,1,0,39.59
2024-02-27,East,Books,23.48,1,0,23.48
2024-02-27,South,Clothing,41.89,2,0,83.78
2024-02-27,West,Books,15.92,2,10,28.66
2024-02-27,East,Sports,72.93,1,0,72.93
2024-02-27,North,Clothing,29.07,4,0,116.27
2024-02-27,West,Electronics,304.6,1,0,304.6
2024-02-28,North,Home & Garden,79.39,2,0,158.78
2024-02-28,North,Electronics,243.48,2,0,486.96
2024-02-28,North,Clothing,49.42,2,0,98.85
2024-02-28,North,Home & Garden,69.98,1,0,69.98
2024-02-28,North,Sports,81.4,1,0,81.4
2024-02-28,South,Electronics,261.83,4,0,1047.33
2024-02-28,East,Electronics,268.58,2,0,537.16
2024-02-29,North,Clothing,31.8,3,10,85.86
2024-02-29,North,Books,19.48,2,5,37.0
2024-02-29,South,Home & Garden,106.22,4,0,424.89
2024-02-29,South,Clothing,42.48,4,0,169.91
2024-02-29,West,Electronics,260.44,2,0,520.88
2024-02-29,South,Home & Garden,88.35,3,5,251.79
2024-02-29,East,Books,22.98,2,0,45.95
2024-02-29,South,Electronics,213.13,2,0,426.26
2024-02-29,West,Home & Garden,104.24,3,0,312.73
2024-02-29,West,Sports,52.6,2,0,105.21
2024-02-29,South,Sports,83.38,1,0,83.38
2024-03-01,South,Home & Garden,49.39,1,0,49.39
2024-03-01,North,Home & Garden,113.69,2,0,227.37
2024-03-01,North,Home & Garden,100.0,3,0,300.0
2024-03-01,East,Home & Garden,77.78,4,0,311.13
2024-03-01,South,Books,18.06,1,5,17.16
2024-03-01,East,Sports,58.04,4,0,232.16
2024-03-01,South,Sports,76.57,1,0,76.57
2024-03-01,West,Clothing,45.97,4,5,174.68
2024-03-01,West,Electronics,203.32,2,0,406.63
2024-03-01,North,Books,10.69,2,10,19.24
2024-03-01,East,Home & Garden,82.25,2,0,164.49
2024-03-01,North,Sports,36.86,4,0,147.43
2024-03-02,North,Clothing,43.19,1,0,43.19
2024-03-02,West,Clothing,34.06,1,5,32.36
2024-03-02,North,Electronics,311.39,2,0,622.79
2024-03-02,South,Home & Garden,71.67,4,0,286.67
2024-03-02,North,Home & Garden,78.74,2,0,157.48
2024-03-02,South,Clothing,55.05,1,5,52.3
2024-03-02,South,Books,18.72,4,20,59.91
2024-03-02,South,Clothing,47.74,2,20,76.39
2024-03-02,West,Sports,43.65,1,0,43.65
2024-03-02,East,Electronics,237.17,2,0,474.35
2024-03-02,North,Electronics,176.68,2,0,353.36
2024-03-02,West,Books,23.99,3,5,68.37
2024-03-02,East,Books,10.7,4,0,42.81
2024-03-02,North,Books,18.4,3,0,55.19
2024-03-02,East,Sports,60.37,1,20,48.3
2024-03-02,North,Home & Garden,32.16,1,0,32.16
2024-03-02,North,Electronics,302.8,4,0,1211.19
2024-03-02,North,Home & Garden,83.01,1,0,83.01
2024-03-02,North,Books,29.66,3,0,88.98
2024-03-02,South,Clothing,61.14,4,0,244.58
2024-03-02,South,Sports,54.79,1,10,49.31
2024-03-02,North,Electronics,142.68,3,0,428.05
2024-03-02,North,Home & Garden,80.65,4,20,258.07
2024-03-03,North,Home & Garden,84.68,2,0,169.35
2024-03-03,South,Electronics,314.72,3,0,944.15
2024-03-03,West,Electronics,203.1,4,10,731.17
2024-03-03,South,Books,13.77,2,0,27.54
2024-03-03,East,Clothing,43.51,1,5,41.34
2024-03-03,North,Books,17.38,4,0,69.53
2024-03-03,South,Books,13.4,2,0,26.79
2024-03-03,East,Clothing,21.11,1,5,20.05
2024-03-03,East,Electronics,221.4,2,20,354.24
2024-03-03,North,Clothing,47.09,3,0,141.27
2024-03-03,West,Clothing,40.02,2,0,80.05
2024-03-03,North,Clothing,41.16,1,0,41.16
2024-03-03,South,Electronics,188.46,2,5,358.07
2024-03-03,East,Electronics,200.47,1,0,200.47
2024-03-03,South,Books,14.31,4,0,57.26
2024-03-03,North,Sports,46.61,1,0,46.61
2024-03-03,East,Clothing,46.74,1,5,44.4
2024-03-03,North,Electronics,228.97,3,5,652.55
2024-03-03,South,Sports,53.01,4,15,180.25
2024-03-03,West,Electronics,138.25,1,0,138.25
2024-03-03,East,Books,22.37,4,0,89.46
2024-03-03,North,Clothing,37.74,2,0,75.47
2024-03-03,West,Home & Garden,86.49,4,0,345.94
2024-03-03,South,Clothing,70.63,2,0,141.26
2024-03-03,South,Clothing,42.2,3,0,126.59
2024-03-03,South,Electronics,145.44,3,0,436.33
2024-03-04,East,Electronics,314.7,1,5,298.96
2024-03-04,North,Sports,66.68,1,0,66.68
2024-03-04,East,Electronics,141.11,2,0,282.22
2024-03-04,South,Books,17.27,3,0,51.81
2024-03-04,North,Electronics,254.92,1,0,254.92
2024-03-04,West,Clothing,56.86,3,10,153.51
2024-03-04,East,Electronics,212.03,1,0,212.03
2024-03-04,South,Sports,53.93,1,10,48.54
2024-03-04,East,Electronics,193.58,1,0,193.58
2024-03-04,South,Clothing,55.65,4,0,222.61
2024-03-04,West,Electronics,317.5,1,0,317.5
2024-03-04,South,Electronics,308.92,4,10,1112.13
2024-03-04,East,Home & Garden,87.05,3,5,248.08
2024-03-04,East,Home & Garden,62.56,3,0,187.69
2024-03-04,West,Sports,49.97,2,0,99.95
2024-03-04,East,Books,19.69,2,0,39.39
2024-03-04,South,Electronics,245.74,2,0,491.48
2024-03-04,West,Sports,63.45,2,5,120.56
2024-03-05,North,Home & Garden,82.05,4,5,311.79
2024-03-05,West,Books,17.59,3,0,52.76
2024-03-05,East,Sports,53.01,2,15,90.11
2024-03-05,South,Clothing,27.98,3,0,83.94
2024-03-05,North,Books,22.76,4,0,91.04
2024-03-05,East,Home & Garden,93.6,1,0,93.6
2024-03-05,North,Sports,40.89,4,0,163.58
2024-03-05,South,Books,21.68,1,10,19.51
2024-03-05,North,Electronics,329.23,1,0,329.23
2024-03-05,North,Books,21.44,1,0,21.44
2024-03-05,East,Home & Garden,111.15,1,10,100.03
2024-03-05,East,Clothing,50.85,2,0,101.71
2024-03-06,West,Home & Garden,105.9,2,0,211.8
2024-03-06,West,Home & Garden,90.88,4,10,327.18
2024-03-06,North,Home & Garden,83.99,4,20,268.77
2024-03-06,North,Sports,58.79,3,0,176.36
2024-03-06,North,Clothing,49.73,4,0,198.93
2024-03-06,North,Sports,51.33,3,0,153.99
2024-03-06,North,Home & Garden,109.34,3,15,278.81
2024-03-06,West,Electronics,283.71,3,0,851.12
2024-03-06,North,Clothing,27.18,3,0,81.55
2024-03-06,West,Electronics,275.81,4,0,1103.25
2024-03-06,West,Electronics,246.92,4,0,987.7
2024-03-07,North,Sports,67.34,4,0,269.35
2024-03-07,North,Clothing,40.3,2,0,80.61
2024-03-07,East,Sports,65.16,4,0,260.64
2024-03-07,West,Sports,80.2,2,0,160.4
2024-03-07,North,Electronics,171.17,3,0,513.52
2024-03-07,North,Clothing,46.89,1,0,46.89
2024-03-07,South,Electronics,309.08,4,0,1236.3
2024-03-07,West,Books,14.55,4,0,58.18
2024-03-07,North,Books,23.97,2,0,47.94
2024-03-07,East,Clothing,24.51,1,0,24.51
2024-03-07,South,Books,17.01,1,10,15.31
2024-03-07,East,Clothing,43.57,1,0,43.57
2024-03-07,North,Clothing,42.33,2,5,80.42
2024-03-07,North,Clothing,33.69,4,10,121.27
2024-03-07,West,Books,21.8,2,0,43.6
2024-03-08,West,Clothing,37.28,2,0,74.56
2024-03-08,North,Electronics,197.29,2,5,374.85
2024-03-08,North,Books,17.02,4,5,64.67
2024-03-08,North,Clothing,41.63,1,0,41.63
2024-03-08,West,Home & Garden,56.26,4,0,225.05
2024-03-08,North,Electronics,231.35,2,0,462.7
2024-03-08,North,Home & Garden,79.88,2,0,159.76
2024-03-08,North,Home & Garden,95.68,4,0,382.72
2024-03-08,South,Home & Garden,76.06,3,0,228.18
2024-03-09,South,Books,16.95,4,0,67.78
2024-03-09,East,Home & Garden,58.16,4,0,232.63
2024-03-09,East,Clothing,42.15,2,0,84.29
2024-03-09,East,Clothing,30.9,1,0,30.9
2024-03-09,East,Home & Garden,80.45,3,5,229.28
2024-03-09,North,Electronics,253.49,2,0,506.98
2024-03-09,North,Sports,55.36,4,5,210.35
2024-03-09,South,Sports,70.08,2,0,140.15
2024-03-09,South,Clothing,38.56,1,10,34.7
2024-03-09,South,Clothing,49.35,3,0,148.04
2024-03-09,East,Electronics,302.36,2,0,604.72
2024-03-09,West,Clothing,76.15,1,10,68.54
2024-03-09,West,Electronics,212.91,2,0,425.82
2024-03-09,South,Electronics,148.96,2,10,268.12
2024-03-09,South,Clothing,42.42,4,0,169.68
2024-03-09,South,Electronics,200.02,1,0,200.02
2024-03-09,North,Clothing,42.21,1,0,42.21
2024-03-09,South,Books,16.79,2,0,33.58
2024-03-09,North,Books,28.33,3,0,84.98
2024-03-09,East,Electronics,171.37,2,0,342.75
2024-03-09,West,Electronics,295.73,1,10,266.15
2024-03-09,North,Clothing,61.55,3,10,166.18
2024-03-09,West,Home & Garden,66.01,3,0,198.03
2024-03-09,North,Electronics,170.54,3,20,409.29
2024-03-09,West,Clothing,30.97,1,0,30.97
2024-03-09,East,Home & Garden,82.53,2,10,148.55
2024-03-09,East,Electronics,220.68,1,0,220.68
2024-03-09,West,Clothing,43.96,1,0,43.96
2024-03-09,East,Clothing,62.51,3,10,168.77
2024-03-09,East,Electronics,275.6,1,15,234.26
2024-03-09,North,Home & Garden,87.14,2,0,174.28
2024-03-10,North,Books,20.19,3,0,60.56
2024-03-10,East,Clothing,41.92,4,0,167.69
2024-03-10,South,Clothing,47.37,2,5,90.0
2024-03-10,North,Clothing,39.5,3,0,118.51
2024-03-10,North,Books,14.58,3,0,43.74
2024-03-10,East,Home & Garden,87.15,3,0,261.46
2024-03-10,West,Sports,60.02,4,5,228.09
2024-03-10,West,Home & Garden,88.3,4,0,353.18
2024-03-10,North,Clothing,51.58,1,0,51.58
2024-03-10,North,Home & Garden,72.6,4,0,290.38
2024-03-10,East,Electronics,170.63,1,5,162.09
2024-03-10,West,Clothing,52.52,4,0,210.1
2024-03-10,North,Clothing,50.59,3,10,136.59
2024-03-10,East,Electronics,197.44,1,15,167.82
2024-03-10,South,Books,8.4,3,5,23.94
2024-03-10,South,Sports,71.74,2,10,129.13
2024-03-10,West,Clothing,43.86,1,15,37.28
2024-03-10,West,Home & Garden,38.15,2,0,76.3
2024-03-10,North,Electronics,242.83,2,0,485.67
2024-03-10,South,Electronics,266.52,3,0,799.55
2024-03-10,South,Home & Garden,64.98,2,0,129.96
2024-03-10,North,Electronics,122.25,2,0,244.51
2024-03-10,East,Electronics,339.21,1,5,322.25
2024-03-10,West,Books,17.9,3,0,53.71
2024-03-10,West,Electronics,228.65,2,0,457.3
2024-03-10,North,Clothing,54.76,4,0,219.02
2024-03-11,North,Books,19.69,4,0,78.75
2024-03-11,North,Books,21.21,1,0,21.21
2024-03-11,West,Clothing,40.74,1,0,40.74
2024-03-11,South,Sports,62.18,1,5,59.07
2024-03-11,South,Clothing,39.73,1,0,39.73
2024-03-11,West,Electronics,202.58,4,0,810.31
2024-03-11,North,Clothing,47.1,2,0,94.2
2024-03-11,South,Books,22.95,4,10,82.6
2024-03-11,East,Electronics,85.95,3,20,206.28
2024-03-11,North,Home & Garden,130.98,3,0,392.94
2024-03-11,North,Electronics,207.68,2,0,415.35
2024-03-11,West,Electronics,275.97,3,0,827.92
2024-03-11,North,Clothing,47.15,1,0,47.15
2024-03-11,South,Clothing,44.59,1,0,44.59
2024-03-11,West,Home & Garden,131.89,4,0,527.54
2024-03-12,South,Clothing,57.8,2,20,92.48
2024-03-12,North,Sports,49.78,2,0,99.56
2024-03-12,North,Electronics,310.49,2,5,589.93
2024-03-12,West,Home & Garden,70.66,4,0,282.65
2024-03-12,West,Home & Garden,67.47,3,0,202.42
2024-03-12,West,Home & Garden,63.56,2,5,120.76
2024-03-12,East,Books,13.9,1,0,13.9
2024-03-12,South,Sports,53.52,3,0,160.56
2024-03-12,North,Sports,65.67,3,5,187.15
2024-03-12,North,Clothing,48.01,2,20,76.82
2024-03-12,North,Clothing,35.74,1,0,35.74
2024-03-12,West,Home & Garden,71.57,4,0,286.28
2024-03-12,South,Clothing,32.28,3,10,87.14
2024-03-13,South,Sports,68.81,4,0,275.24
2024-03-13,North,Electronics,338.39,1,0,338.39
2024-03-13,North,Clothing,44.43,3,0,133.28
2024-03-13,West,Home & Garden,75.06,2,0,150.12
2024-03-13,North,Books,20.02,2,10,36.03
2024-03-13,South,Books,26.15,3,0,78.45
2024-03-13,West,Electronics,387.85,3,5,1105.36
2024-03-13,East,Home & Garden,103.99,2,0,207.97
2024-03-13,West,Home & Garden,95.8,1,0,95.8
2024-03-13,North,Electronics,310.6,4,20,993.91
2024-03-13,South,Electronics,282.69,1,20,226.15
2024-03-13,East,Clothing,43.56,2,0,87.12
2024-03-13,East,Clothing,41.69,3,0,125.06
2024-03-13,North,Home & Garden,109.06,1,0,109.06
2024-03-13,South,Home & Garden,69.79,3,0,209.36
2024-03-13,East,Clothing,57.83,1,15,49.16
2024-03-13,East,Home & Garden,75.58,4,5,287.2
2024-03-13,South,Electronics,254.34,3,0,763.01
2024-03-13,North,Books,15.61,1,0,15.61
2024-03-13,West,Clothing,17.95,4,0,71.8
2024-03-13,North,Sports,53.64,4,15,182.39
2024-03-13,East,Electronics,221.66,4,0,886.65
2024-03-14,North,Clothing,45.64,1,20,36.51
2024-03-14,North,Electronics,267.8,3,0,803.4
2024-03-14,West,Books,9.48,1,0,9.48
2024-03-14,North,Sports,90.63,4,0,362.53
2024-03-14,South,Clothing,24.46,3,0,73.37
2024-03-14,North,Books,25.24,1,0,25.24
2024-03-14,West,Books,23.66,4,0,94.62
2024-03-14,North,Electronics,283.65,3,0,850.96
2024-03-14,North,Clothing,55.31,1,0,55.31
2024-03-14,West,Clothing,68.14,4,0,272.58
2024-03-14,East,Home & Garden,38.51,3,15,98.2
2024-03-14,South,Home & Garden,79.56,2,0,159.12
2024-03-14,West,Electronics,229.64,2,0,459.28
2024-03-14,North,Sports,71.11,3,0,213.32
2024-03-14,West,Clothing,41.23,4,5,156.67
2024-03-14,East,Sports,39.88,2,20,63.81
2024-03-14,South,Electronics,222.67,2,5,423.08
2024-03-14,South,Sports,35.61,2,0,71.23
2024-03-14,East,Books,20.21,4,0,80.83
2024-03-15,West,Books,25.19,2,0,50.37
2024-03-15,North,Sports,61.3,2,20,98.07
2024-03-15,East,Clothing,40.23,3,0,120.69
2024-03-15,West,Books,10.9,2,0,21.79
2024-03-15,North,Sports,49.41,3,0,148.24
2024-03-15,South,Clothing,48.52,2,0,97.05
2024-03-15,East,Books,20.65,3,0,61.95
2024-03-15,West,Sports,75.43,2,5,143.32
2024-03-15,South,Home & Garden,90.03,4,0,360.13
2024-03-15,North,Home & Garden,84.93,2,0,169.87
2024-03-15,South,Books,15.02,4,0,60.09
2024-03-15,West,Clothing,63.83,4,0,255.3
2024-03-15,East,Electronics,213.16,1,20,170.53
2024-03-15,North,Clothing,37.68,1,20,30.15
2024-03-15,West,Electronics,288.15,3,10,778.0
2024-03-15,East,Books,22.18,3,0,66.54
2024-03-15,West,Electronics,302.74,3,0,908.22
2024-03-16,East,Books,17.78,3,0,53.33
2024-03-16,West,Home & Garden,68.84,1,20,55.07
2024-03-16,North,Sports,75.51,2,0,151.02
2024-03-16,North,Clothing,40.42,2,0,80.83
2024-03-16,North,Home & Garden,77.96,3,0,233.87
2024-03-16,West,Home & Garden,99.8,1,0,99.8
2024-03-16,South,Electronics,258.58,2,5,491.31
2024-03-16,East,Clothing,77.83,1,0,77.83
2024-03-16,North,Sports,46.78,3,0,140.34
2024-03-16,North,Books,27.02,1,0,27.02
2024-03-16,North,Home & Garden,71.71,4,0,286.83
2024-03-16,East,Clothing,33.8,2,0,67.61
2024-03-16,North,Electronics,278.75,4,0,1115.01
2024-03-16,West,Home & Garden,84.53,3,15,215.55
2024-03-16,East,Electronics,192.63,3,5,548.99
2024-03-16,North,Electronics,358.2,1,0,358.2
2024-03-16,South,Clothing,49.9,4,15,169.66
2024-03-16,North,Sports,69.3,3,0,207.9
2024-03-16,South,Home & Garden,103.2,1,0,103.2
2024-03-16,North,Sports,52.41,4,15,178.2
2024-03-16,South,Books,16.13,2,0,32.26
2024-03-17,East,Clothing,54.12,4,5,205.66
2024-03-17,North,Clothing,78.03,4,20,249.68
2024-03-17,North,Electronics,182.92,4,0,731.67
2024-03-17,East,Clothing,49.48,2,15,84.12
2024-03-17,North,Clothing,35.22,3,0,105.66
2024-03-17,North,Clothing,53.45,3,0,160.34
2024-03-17,North,Clothing,52.36,1,10,47.13
2024-03-17,West,Home & Garden,71.98,4,0,287.93
2024-03-17,East,Home & Garden,96.32,3,0,288.95
2024-03-17,North,Clothing,26.7,2,0,53.39
2024-03-17,East,Clothing,67.75,4,0,271.02
2024-03-17,East,Electronics,227.33,2,10,409.19
2024-03-17,North,Sports,46.97,3,10,126.81
2024-03-17,East,Clothing,59.52,2,10,107.14
2024-03-17,East,Electronics,411.74,1,0,411.74
2024-03-17,North,Clothing,51.86,4,5,197.07
2024-03-17,West,Clothing,21.6,2,10,38.89
2024-03-17,East,Sports,41.75,2,0,83.49
2024-03-17,South,Electronics,335.21,3,0,1005.63
2024-03-17,South,Clothing,67.65,4,0,270.62
2024-03-17,South,Clothing,51.33,2,10,92.39
2024-03-17,West,Clothing,43.55,3,0,130.65
2024-03-17,East,Books,15.74,3,10,42.5
2024-03-17,South,Home & Garden,74.8,1,0,74.8
2024-03-17,West,Clothing,37.62,4,0,150.46
2024-03-18,North,Home & Garden,101.68,1,5,96.6
2024-03-18,West,Clothing,47.37,3,20,113.68
2024-03-18,South,Clothing,24.58,3,0,73.73
2024-03-18,West,Electronics,283.56,2,0,567.12
2024-03-18,West,Clothing,36.32,2,0,72.64
2024-03-18,West,Home & Garden,70.04,2,20,112.07
2024-03-18,North,Books,16.28,4,10,58.59
2024-03-18,North,Home & Garden,73.39,3,0,220.18
2024-03-18,East,Clothing,41.91,1,0,41.91
2024-03-18,North,Clothing,20.24,3,15,51.6
2024-03-18,West,Books,26.37,2,0,52.75
2024-03-18,North,Home & Garden,83.95,3,0,251.86
2024-03-18,West,Clothing,45.7,1,0,45.7
2024-03-18,East,Clothing,34.57,1,0,34.57
2024-03-18,East,Sports,32.42,3,0,97.26
2024-03-18,North,Electronics,199.08,3,5,567.38
2024-03-18,South,Electronics,276.98,3,10,747.84
2024-03-18,West,Sports,71.1,2,0,142.19
2024-03-18,West,Electronics,291.23,1,0,291.23
2024-03-18,West,Clothing,32.93,4,15,111.95
2024-03-18,West,Electronics,334.44,1,0,334.44
2024-03-18,East,Home & Garden,49.75,2,0,99.5
2024-03-19,South,Home & Garden,101.84,2,20,162.95
2024-03-19,East,Clothing,28.39,4,15,96.53
2024-03-19,West,Electronics,131.7,1,0,131.7
2024-03-19,South,Electronics,269.47,1,0,269.47
2024-03-19,North,Home & Garden,98.18,1,0,98.18
2024-03-19,North,Clothing,40.41,2,0,80.82
2024-03-19,East,Electronics,226.1,2,0,452.19
2024-03-19,West,Electronics,126.5,1,0,126.5
2024-03-19,South,Clothing,43.08,2,0,86.16
2024-03-19,North,Sports,23.91,2,0,47.81
2024-03-19,North,Electronics,256.69,3,5,731.57
2024-03-20,West,Clothing,41.12,2,0,82.23
2024-03-20,West,Electronics,206.4,3,5,588.24
2024-03-20,East,Home & Garden,60.92,2,0,121.84
2024-03-20,West,Electronics,270.0,4,0,1079.99
2024-03-20,East,Clothing,29.17,1,0,29.17
2024-03-20,East,Clothing,43.26,3,0,129.79
2024-03-20,South,Electronics,196.19,4,5,745.53
2024-03-20,South,Clothing,48.3,1,0,48.3
2024-03-20,North,Clothing,47.81,4,0,191.22
2024-03-20,North,Books,6.9,3,0,20.71
2024-03-20,West,Home & Garden,54.19,3,0,162.57
2024-03-20,East,Books,8.08,3,15,20.6
2024-03-20,West,Clothing,53.38,3,10,144.13
2024-03-21,South,Electronics,210.86,4,10,759.1
2024-03-21,North,Electronics,259.06,2,10,466.31
2024-03-21,East,Electronics,260.34,4,0,1041.35
2024-03-21,South,Clothing,29.45,1,0,29.45
2024-03-21,South,Electronics,200.82,2,0,401.65
2024-03-21,West,Clothing,36.17,2,15,61.5
2024-03-21,South,Home & Garden,90.09,1,0,90.09
2024-03-21,South,Sports,69.4,3,0,208.19
2024-03-21,North,Clothing,38.01,2,5,72.22
2024-03-21,North,Electronics,303.9,1,0,303.9
2024-03-21,South,Sports,79.73,3,10,215.28
2024-03-21,East,Clothing,47.37,3,0,142.1
2024-03-21,West,Clothing,49.96,2,0,99.91
2024-03-22,West,Books,15.41,2,0,30.81
2024-03-22,South,Home & Garden,70.16,4,0,280.64
2024-03-22,West,Electronics,333.0,3,5,949.06
2024-03-22,North,Electronics,315.92,1,0,315.92
2024-03-22,South,Clothing,44.59,2,0,89.19
2024-03-22,West,Electronics,251.97,4,0,1007.87
2024-03-22,East,Clothing,52.76,3,0,158.29
2024-03-22,South,Electronics,220.13,4,0,880.54
2024-03-22,West,Electronics,179.83,1,0,179.83
2024-03-22,East,Home & Garden,112.87,3,0,338.61
2024-03-22,South,Clothing,49.4,2,0,98.8
2024-03-22,North,Home & Garden,49.59,1,20,39.68
2024-03-22,South,Sports,74.22,1,0,74.22
2024-03-22,South,Home & Garden,88.19,4,0,352.76
2024-03-22,West,Books,18.62,2,0,37.23
2024-03-22,North,Electronics,280.39,3,5,799.1
2024-03-22,North,Electronics,229.67,3,0,689.01
2024-03-23,West,Electronics,291.22,3,5,829.98
2024-03-23,South,Sports,86.5,3,0,259.49
2024-03-23,South,Electronics,191.47,3,5,545.7
2024-03-23,West,Home & Garden,56.32,2,0,112.65
2024-03-23,South,Sports,64.92,3,5,185.01
2024-03-23,East,Home & Garden,99.05,1,5,94.1
2024-03-23,North,Books,24.77,2,0,49.53
2024-03-23,North,Clothing,54.3,3,0,162.89
2024-03-23,West,Books,23.93,3,0,71.8
2024-03-23,East,Clothing,38.71,4,5,147.08
2024-03-23,South,Home & Garden,101.44,3,0,304.33
2024-03-23,North,Sports,75.18,2,0,150.37
2024-03-23,South,Books,26.89,3,0,80.68
2024-03-23,West,Home & Garden,66.57,2,0,133.14
2024-03-23,South,Electronics,336.59,1,0,336.59
2024-03-23,South,Clothing,39.97,2,0,79.93
2024-03-23,South,Home & Garden,67.18,2,5,127.64
2024-03-23,West,Books,34.12,4,0,136.49
2024-03-23,East,Books,19.26,2,10,34.66
2024-03-23,North,Books,22.54,3,0,67.63
2024-03-23,North,Clothing,59.12,4,15,201.01
2024-03-23,West,Electronics,218.9,2,0,437.79
2024-03-23,East,Home & Garden,85.71,3,0,257.12
2024-03-23,West,Clothing,46.57,4,0,186.3
2024-03-23,West,Books,19.48,4,0,77.9
2024-03-24,West,Clothing,51.89,1,0,51.89
2024-03-24,West,Home & Garden,105.6,4,0,422.42
2024-03-24,East,Home & Garden,74.71,1,0,74.71
2024-03-24,East,Books,21.97,1,0,21.97
2024-03-24,West,Books,17.87,3,0,53.61
2024-03-24,East,Electronics,148.52,2,10,267.33
2024-03-24,South,Clothing,40.84,3,0,122.52
2024-03-24,North,Clothing,20.16,1,0,20.16
2024-03-24,North,Electronics,235.59,2,0,471.18
2024-03-24,West,Clothing,47.39,3,0,142.18
2024-03-24,North,Electronics,229.13,4,0,916.51
2024-03-24,North,Home & Garden,44.62,3,0,133.86
2024-03-24,South,Books,21.83,2,0,43.67
2024-03-24,South,Electronics,108.16,2,10,194.68
2024-03-24,East,Clothing,42.65,1,10,38.38
2024-03-24,North,Books,17.41,4,0,69.63
2024-03-24,North,Clothing,54.6,1,0,54.6
2024-03-24,South,Electronics,204.38,4,10,735.78
2024-03-24,North,Home & Garden,119.49,4,5,454.05
2024-03-24,North,Electronics,293.6,3,0,880.8
2024-03-24,East,Home & Garden,63.28,3,15,161.36
2024-03-24,South,Clothing,54.55,3,0,163.66
2024-03-24,South,Sports,40.88,3,0,122.65
2024-03-24,South,Clothing,26.71,3,5,76.13
2024-03-24,East,Home & Garden,29.87,3,0,89.61
2024-03-24,South,Electronics,273.68,1,0,273.68
2024-03-24,South,Electronics,293.46,4,0,1173.84
2024-03-24,South,Home & Garden,102.06,3,0,306.19
2024-03-24,North,Clothing,61.22,4,0,244.89
2024-03-25,North,Clothing,65.63,3,0,196.9
2024-03-25,West,Electronics,287.4,2,0,574.8
2024-03-25,East,Electronics,260.04,4,5,988.14
2024-03-25,West,Electronics,335.13,2,0,670.27
2024-03-25,North,Electronics,292.04,2,0,584.08
2024-03-25,East,Home & Garden,115.41,3,20,276.99
2024-03-25,North,Home & Garden,50.13,4,0,200.52
2024-03-25,South,Home & Garden,37.52,3,0,112.56
2024-03-25,North,Electronics,194.35,1,0,194.35
2024-03-25,East,Electronics,289.23,1,0,289.23
2024-03-25,North,Clothing,58.99,2,0,117.98
2024-03-25,North,Clothing,58.82,3,0,176.45
2024-03-25,West,Electronics,203.13,1,15,172.66
2024-03-25,East,Clothing,34.57,2,0,69.14
2024-03-26,East,Clothing,35.8,1,10,32.22
2024-03-26,South,Home & Garden,86.43,3,10,233.35
2024-03-26,West,Home & Garden,52.18,3,20,125.24
2024-03-26,West,Home & Garden,70.35,3,0,211.06
2024-03-26,South,Clothing,50.07,2,0,100.15
2024-03-26,North,Clothing,56.33,3,10,152.08
2024-03-26,South,Clothing,68.53,2,0,137.06
2024-03-26,North,Electronics,247.79,4,0,991.15
2024-03-26,South,Clothing,63.8,1,10,57.42
2024-03-26,West,Books,15.49,3,0,46.48
2024-03-26,South,Clothing,57.25,4,0,228.99
2024-03-26,South,Books,21.05,1,0,21.05
2024-03-26,South,Sports,69.66,4,0,278.65
2024-03-27,North,Electronics,255.12,1,0,255.12
2024-03-27,North,Home & Garden,68.67,4,5,260.94
2024-03-27,East,Clothing,54.52,2,0,109.03
2024-03-27,East,Sports,78.41,1,0,78.41
2024-03-27,West,Clothing,27.22,4,0,108.87
2024-03-27,North,Electronics,327.5,4,0,1309.98
2024-03-27,North,Sports,60.01,1,0,60.01
2024-03-27,North,Electronics,258.54,2,20,413.66
2024-03-27,South,Electronics,251.59,4,10,905.71
2024-03-27,East,Books,28.67,4,0,114.69
2024-03-27,North,Home & Garden,60.5,3,0,181.49
2024-03-27,South,Sports,72.77,4,0,291.07
2024-03-27,North,Clothing,58.77,3,15,149.86
2024-03-27,North,Sports,58.37,4,0,233.48
2024-03-27,East,Clothing,40.74,4,0,162.98
2024-03-27,East,Sports,63.6,4,0,254.39
2024-03-27,East,Home & Garden,89.73,3,0,269.18
2024-03-27,East,Clothing,46.86,1,0,46.86
2024-03-27,West,Electronics,359.13,4,10,1292.88
2024-03-27,North,Books,15.01,1,0,15.01
2024-03-28,West,Sports,67.78,3,0,203.35
2024-03-28,North,Clothing,28.85,4,0,115.41
2024-03-28,North,Books,17.1,3,0,51.31
2024-03-28,West,Home & Garden,89.58,1,0,89.58
2024-03-28,South,Electronics,196.17,2,15,333.49
2024-03-28,East,Clothing,26.6,3,10,71.82
2024-03-28,West,Books,24.84,2,0,49.68
2024-03-28,North,Electronics,127.15,2,0,254.31
2024-03-28,North,Sports,51.19,1,0,51.19
2024-03-28,North,Clothing,36.96,1,10,33.27
2024-03-28,East,Sports,62.3,1,5,59.19
2024-03-28,East,Home & Garden,124.04,3,5,353.51
2024-03-28,West,Clothing,40.99,2,0,81.99
2024-03-28,North,Home & Garden,95.01,3,5,270.79
2024-03-28,North,Clothing,49.39,4,0,197.56
2024-03-28,South,Home & Garden,80.99,3,0,242.96
2024-03-28,East,Clothing,53.13,2,5,100.94
2024-03-28,South,Clothing,41.16,4,0,164.64
2024-03-28,North,Clothing,51.01,1,0,51.01
2024-03-28,South,Clothing,29.96,4,5,113.86
2024-03-28,South,Electronics,333.54,2,0,667.08
2024-03-29,South,Electronics,202.14,1,0,202.14
2024-03-29,East,Electronics,244.1,1,20,195.28
2024-03-29,East,Books,19.19,3,0,57.56
2024-03-29,West,Electronics,195.55,3,0,586.65
2024-03-29,West,Electronics,294.14,3,5,838.3
2024-03-29,East,Electronics,264.25,4,0,1057.0
2024-03-29,East,Clothing,71.3,1,0,71.3
2024-03-29,North,Books,15.7,4,0,62.78
2024-03-29,East,Electronics,154.08,1,0,154.08
2024-03-29,West,Home & Garden,70.94,2,0,141.87
2024-03-29,East,Electronics,345.65,1,20,276.52
2024-03-29,South,Sports,48.33,3,0,144.99
2024-03-29,East,Home & Garden,59.92,4,15,203.74
2024-03-29,North,Sports,72.52,1,10,65.27
2024-03-29,West,Home & Garden,70.31,1,0,70.31
2024-03-29,North,Clothing,44.48,3,0,133.45
2024-03-29,West,Electronics,332.98,4,20,1065.52
2024-03-29,East,Books,31.05,1,0,31.05
2024-03-29,West,Electronics,201.69,4,10,726.07
2024-03-30,South,Clothing,35.2,3,5,100.33
2024-03-30,West,Clothing,28.32,1,0,28.32
2024-03-30,East,Home & Garden,72.48,3,0,217.44
2024-03-30,South,Clothing,62.77,1,10,56.49
2024-03-30,West,Electronics,211.77,4,0,847.06
2024-03-30,North,Electronics,166.05,2,0,332.11
2024-03-30,East,Electronics,225.27,2,0,450.55
2024-03-30,South,Books,11.35,3,0,34.06
2024-03-30,East,Sports,89.29,4,10,321.46
2024-03-30,South,Electronics,311.34,4,0,1245.35
2024-03-30,North,Home & Garden,93.39,3,0,280.16
2024-03-30,North,Electronics,215.48,3,0,646.45
2024-03-30,East,Sports,43.54,3,15,111.03
2024-03-30,West,Home & Garden,121.1,4,0,484.39
2024-03-30,South,Clothing,51.55,2,0,103.11
2024-03-30,South,Books,17.62,3,0,52.85
2024-03-30,East,Sports,40.43,3,10,109.16
2024-03-30,South,Clothing,50.25,1,0,50.25
2024-03-30,South,Clothing,53.89,1,0,53.89
2024-03-30,North,Sports,64.37,3,0,193.1
2024-03-30,West,Home & Garden,72.73,3,0,218.19
2024-03-30,North,Electronics,299.48,3,0,898.44
2024-03-30,East,Electronics,180.08,3,5,513.22
2024-03-30,North,Electronics,212.19,2,5,403.17
2024-03-31,West,Books,22.49,4,0,89.96
2024-03-31,East,Books,18.06,4,20,57.8
2024-03-31,West,Sports,43.54,3,0,130.62
2024-03-31,West,Electronics,212.48,3,10,573.68
2024-03-31,West,Books,20.7,3,0,62.09
2024-03-31,North,Books,16.13,4,10,58.06
2024-03-31,North,Electronics,225.86,2,0,451.71
2024-03-31,South,Books,13.95,1,0,13.95
2024-03-31,North,Clothing,45.64,2,0,91.28
2024-03-31,North,Home & Garden,73.63,2,0,147.26
2024-03-31,West,Clothing,28.62,4,10,103.03
2024-03-31,East,Electronics,191.93,1,20,153.54
2024-03-31,East,Clothing,32.24,3,15,82.22
2024-03-31,North,Sports,50.75,2,0,101.51
2024-03-31,South,Electronics,267.85,4,0,1071.39
2024-03-31,East,Electronics,238.43,1,0,238.43
2024-03-31,South,Clothing,58.64,4,0,234.55
2024-03-31,East,Clothing,44.94,3,0,134.82
2024-04-01,East,Electronics,310.98,4,0,1243.93
2024-04-01,South,Sports,79.77,2,5,151.57
2024-04-01,West,Books,13.21,3,0,39.63
2024-04-01,West,Clothing,40.14,2,10,72.25
2024-04-01,North,Clothing,65.34,4,0,261.34
2024-04-01,North,Electronics,251.98,1,5,239.39
2024-04-01,South,Electronics,254.73,1,0,254.73
2024-04-01,East,Home & Garden,79.73,1,10,71.76
2024-04-01,North,Electronics,228.58,3,0,685.74
2024-04-01,East,Home & Garden,69.75,2,5,132.52
2024-04-01,South,Books,23.42,1,0,23.42
2024-04-01,North,Electronics,269.65,4,0,1078.61
2024-04-01,South,Books,16.61,4,10,59.8
2024-04-01,West,Clothing,49.02,3,0,147.07
2024-04-01,West,Clothing,45.73,4,0,182.9
2024-04-01,East,Sports,41.0,2,0,81.99
2024-04-02,North,Sports,66.58,2,0,133.16
2024-04-02,South,Clothing,34.84,4,0,139.37
2024-04-02,East,Books,24.05,1,0,24.05
2024-04-02,East,Clothing,53.3,2,0,106.6
2024-04-02,South,Sports,49.41,2,0,98.82
2024-04-02,South,Books,10.98,2,0,21.96
2024-04-02,South,Electronics,270.72,2,20,433.15
2024-04-02,North,Clothing,42.38,1,0,42.38
2024-04-02,East,Electronics,284.26,3,15,724.86
2024-04-02,East,Electronics,199.1,3,0,597.3
2024-04-02,East,Clothing,61.88,1,0,61.88
2024-04-02,South,Clothing,39.48,3,0,118.44
2024-04-02,West,Home & Garden,77.0,4,10,277.21
2024-04-02,South,Clothing,29.44,4,0,117.75
2024-04-02,North,Electronics,306.36,3,0,919.07
2024-04-02,North,Electronics,222.52,1,0,222.52
2024-04-03,North,Home & Garden,68.09,2,0,136.18
2024-04-03,South,Clothing,31.7,4,0,126.81
2024-04-03,East,Electronics,312.25,1,15,265.41
2024-04-03,South,Home & Garden,68.72,3,0,206.15
2024-04-03,West,Sports,54.44,3,5,155.16
2024-04-03,North,Home & Garden,82.59,4,0,330.35
2024-04-03,West,Sports,24.29,1,10,21.86
2024-04-03,North,Electronics,232.23,3,0,696.7
2024-04-03,West,Sports,71.3,3,0,213.9
2024-04-03,North,Clothing,49.53,2,0,99.05
2024-04-03,North,Books,26.6,2,0,53.21
2024-04-03,North,Sports,33.83,1,0,33.83
2024-04-03,East,Electronics,192.4,3,5,548.33
2024-04-04,North,Books,26.34,4,0,105.37
2024-04-04,South,Books,22.46,3,10,60.63
2024-04-04,North,Home & Garden,106.11,3,0,318.32
2024-04-04,West,Clothing,27.23,1,0,27.23
2024-04-04,South,Sports,19.45,1,0,19.45
2024-04-04,North,Electronics,271.21,3,10,732.27
2024-04-04,South,Home & Garden,76.05,2,0,152.11
2024-04-04,West,Clothing,58.13,4,0,232.52
2024-04-04,North,Electronics,286.18,3,20,686.84
2024-04-04,East,Electronics,278.75,1,5,264.82
2024-04-04,North,Sports,52.07,3,5,148.39
2024-04-04,East,Home & Garden,70.16,3,0,210.49
2024-04-04,North,Home & Garden,48.41,3,0,145.23
2024-04-04,North,Electronics,198.88,4,0,795.53
2024-04-05,South,Electronics,241.26,4,0,965.05
2024-04-05,West,Electronics,257.6,2,0,515.2
2024-04-05,West,Clothing,42.83,4,0,171.3
2024-04-05,South,Home & Garden,109.43,2,10,196.98
2024-04-05,East,Electronics,281.45,3,0,844.36
2024-04-05,East,Books,19.83,2,0,39.65
2024-04-05,West,Electronics,259.92,4,10,935.72
2024-04-05,South,Books,25.78,1,0,25.78
2024-04-05,North,Sports,54.52,2,0,109.04
2024-04-05,East,Home & Garden,69.94,1,5,66.44
2024-04-05,East,Electronics,236.51,2,0,473.03
2024-04-05,South,Clothing,31.75,2,0,63.5
2024-04-05,North,Home & Garden,90.43,1,0,90.43
2024-04-05,North,Sports,19.86,3,0,59.59
2024-04-05,West,Clothing,35.89,3,5,102.29
2024-04-05,West,Sports,62.82,3,5,179.03
2024-04-05,East,Home & Garden,102.53,3,0,307.58
2024-04-06,West,Clothing,43.23,1,0,43.23
2024-04-06,North,Electronics,101.35,1,0,101.35
2024-04-06,West,Sports,62.89,3,0,188.67
2024-04-06,North,Sports,82.72,3,0,248.16
2024-04-06,South,Home & Garden,88.21,2,0,176.43
2024-04-06,North,Clothing,36.45,3,5,103.87
2024-04-06,North,Clothing,40.57,4,20,129.83
2024-04-06,North,Clothing,45.39,3,0,136.16
2024-04-06,East,Electronics,242.7,4,0,970.81
2024-04-06,North,Home & Garden,102.12,2,0,204.25
2024-04-06,North,Books,21.0,1,0,21.0
2024-04-06,South,Books,21.89,3,10,59.09
2024-04-06,North,Sports,45.81,1,15,38.94
2024-04-06,North,Sports,72.96,4,20,233.48
2024-04-06,North,Electronics,80.78,4,0,323.11
2024-04-06,North,Books,17.5,1,5,16.63
2024-04-06,North,Clothing,47.78,1,0,47.78
2024-04-06,West,Books,24.68,3,5,70.34
2024-04-06,North,Books,23.88,4,10,85.98
2024-04-06,North,Clothing,30.93,1,10,27.84
2024-04-06,East,Home & Garden,84.22,4,20,269.49
2024-04-06,North,Sports,56.43,1,10,50.79
2024-04-07,North,Electronics,279.15,1,20,223.32
2024-04-07,West,Clothing,43.16,2,5,82.01
2024-04-07,East,Electronics,324.11,2,0,648.23
2024-04-07,South,Sports,76.09,3,0,228.26
2024-04-07,South,Clothing,61.07,1,0,61.07
2024-04-07,South,Electronics,245.28,4,0,981.12
2024-04-07,West,Electronics,312.56,4,0,1250.23
2024-04-07,South,Home & Garden,70.02,4,0,280.07
2024-04-07,West,Books,25.99,3,0,77.96
2024-04-07,South,Clothing,39.71,3,0,119.14
2024-04-07,North,Home & Garden,83.9,4,10,302.03
2024-04-07,East,Books,34.68,2,0,69.35
2024-04-07,South,Electronics,185.75,4,0,743.02
2024-04-07,South,Clothing,52.42,1,0,52.42
2024-04-07,South,Home & Garden,71.54,1,0,71.54
2024-04-07,North,Sports,56.03,1,10,50.43
2024-04-07,North,Sports,65.49,1,0,65.49
2024-04-07,East,Sports,59.97,3,0,179.9
2024-04-07,North,Books,19.94,1,0,19.94
2024-04-07,South,Home & Garden,113.01,3,10,305.13
2024-04-07,West,Clothing,37.92,2,0,75.84
2024-04-07,North,Home & Garden,75.69,1,0,75.69
2024-04-07,East,Books,24.96,2,20,39.94
2024-04-07,West,Electronics,325.12,4,10,1170.43
2024-04-08,North,Clothing,45.1,2,0,90.2
2024-04-08,North,Electronics,148.69,3,0,446.06
2024-04-08,West,Home & Garden,66.04,3,0,198.13
2024-04-08,West,Clothing,34.32,1,0,34.32
2024-04-08,South,Books,15.47,1,5,14.69
2024-04-08,North,Electronics,160.99,2,0,321.98
2024-04-08,South,Clothing,39.87,4,0,159.46
2024-04-08,North,Books,10.18,3,10,27.48
2024-04-08,West,Books,12.59,3,5,35.89
2024-04-08,North,Clothing,44.92,2,0,89.84
2024-04-08,North,Clothing,32.33,3,5,92.13
2024-04-08,South,Electronics,274.12,2,0,548.25
2024-04-08,South,Home & Garden,56.47,3,0,169.4
2024-04-08,North,Clothing,30.96,3,0,92.87
2024-04-08,North,Clothing,54.41,3,0,163.23
2024-04-08,South,Home & Garden,57.59,2,5,109.42
2024-04-08,West,Books,16.23,2,0,32.45
2024-04-08,East,Sports,74.61,1,5,70.88
2024-04-08,West,Electronics,171.9,4,0,687.61
2024-04-09,South,Sports,52.1,4,10,187.57
2024-04-09,East,Home & Garden,53.55,4,0,214.21
2024-04-09,North,Electronics,196.16,4,20,627.73
2024-04-09,North,Clothing,54.51,2,0,109.02
2024-04-09,North,Home & Garden,50.47,2,0,100.95
2024-04-09,East,Electronics,362.85,1,0,362.85
2024-04-09,North,Electronics,264.42,1,0,264.42
2024-04-09,East,Sports,47.42,2,10,85.35
2024-04-09,North,Clothing,44.54,3,0,133.61
2024-04-09,West,Clothing,28.41,4,0,113.65
2024-04-09,West,Sports,56.0,1,15,47.6
2024-04-09,West,Clothing,33.98,2,0,67.95
2024-04-09,West,Electronics,207.09,2,10,372.76
2024-04-09,South,Electronics,322.71,1,0,322.71
2024-04-09,South,Clothing,40.39,4,0,161.58
2024-04-09,West,Home & Garden,84.61,2,5,160.77
2024-04-09,South,Clothing,45.24,1,0,45.24
2024-04-09,East,Clothing,32.28,2,0,64.55
2024-04-09,West,Home & Garden,74.26,1,0,74.26
2024-04-09,North,Home & Garden,103.01,3,0,309.03
2024-04-10,East,Sports,33.09,4,0,132.35
2024-04-10,North,Home & Garden,101.66,2,0,203.33
2024-04-10,North,Books,25.05,1,0,25.05
2024-04-10,West,Home & Garden,53.37,3,0,160.1
2024-04-10,East,Home & Garden,133.34,2,5,253.34
2024-04-10,South,Clothing,46.09,4,0,184.37
2024-04-10,West,Electronics,264.38,2,20,423.01
2024-04-10,East,Electronics,257.72,1,0,257.72
2024-04-10,North,Home & Garden,58.68,3,0,176.04
2024-04-10,East,Electronics,246.78,2,0,493.56
2024-04-10,West,Books,16.41,3,0,49.23
2024-04-10,East,Home & Garden,114.18,3,0,342.55
2024-04-10,East,Electronics,232.69,3,0,698.08
2024-04-10,West,Books,16.64,1,0,16.64
2024-04-10,South,Sports,76.7,4,0,306.8
2024-04-10,South,Electronics,308.7,2,10,555.66
2024-04-10,West,Clothing,53.83,3,0,161.5
2024-04-10,South,Electronics,138.89,2,5,263.9
2024-04-10,East,Home & Garden,109.18,4,0,436.72
2024-04-10,North,Clothing,60.08,3,5,171.23
2024-04-11,North,Clothing,59.52,1,5,56.54
2024-04-11,North,Books,20.28,3,0,60.83
2024-04-11,West,Electronics,351.35,2,10,632.44
2024-04-11,South,Electronics,352.13,1,0,352.13
2024-04-11,North,Home & Garden,112.11,4,0,448.43
2024-04-11,East,Clothing,58.77,4,0,235.08
2024-04-11,South,Books,19.0,3,0,57.01
2024-04-11,West,Books,22.18,2,0,44.36
2024-04-11,North,Sports,60.18,1,10,54.16
2024-04-11,North,Home & Garden,78.14,4,0,312.57
2024-04-11,West,Clothing,13.66,2,20,21.86
2024-04-11,East,Sports,76.47,1,5,72.65
2024-04-11,East,Electronics,264.76,1,0,264.76
2024-04-11,North,Electronics,191.3,4,0,765.21
2024-04-11,East,Home & Garden,103.53,1,5,98.35
2024-04-11,South,Home & Garden,64.57,4,0,258.26
2024-04-11,South,Books,21.71,1,0,21.71
2024-04-11,East,Home & Garden,104.87,4,0,419.48
2024-04-11,South,Electronics,360.58,1,10,324.53
2024-04-11,East,Home & Garden,83.99,1,0,83.99
2024-04-12,North,Clothing,42.52,3,0,127.57
2024-04-12,East,Clothing,43.57,2,0,87.13
2024-04-12,West,Clothing,46.97,1,0,46.97
2024-04-12,West,Clothing,23.27,4,0,93.08
2024-04-12,South,Sports,75.92,4,0,303.68
2024-04-12,South,Home & Garden,71.33,2,5,135.53
2024-04-12,North,Electronics,231.37,3,0,694.1
2024-04-12,South,Clothing,26.41,2,0,52.82
2024-04-12,West,Home & Garden,78.51,3,0,235.54
2024-04-12,South,Books,19.08,3,0,57.23
2024-04-12,North,Books,22.05,4,5,83.81
2024-04-12,North,Sports,67.91,2,0,135.82
2024-04-12,North,Electronics,269.36,1,0,269.36
2024-04-12,East,Sports,67.14,2,5,127.56
2024-04-12,East,Sports,50.94,4,5,193.57
2024-04-13,East,Home & Garden,57.97,2,20,92.75
2024-04-13,North,Home & Garden,65.15,2,0,130.3
2024-04-13,West,Electronics,242.75,4,0,971.0
2024-04-13,North,Books,25.93,4,0,103.73
2024-04-13,North,Electronics,131.79,4,0,527.14
2024-04-13,North,Sports,70.95,3,5,202.2
2024-04-13,West,Electronics,191.81,4,0,767.25
2024-04-13,South,Home & Garden,121.75,1,20,97.4
2024-04-13,West,Sports,53.61,4,0,214.42
2024-04-13,East,Books,24.07,3,0,72.2
2024-04-13,North,Home & Garden,63.12,3,0,189.37
2024-04-13,South,Clothing,29.5,2,0,59.0
2024-04-13,North,Electronics,356.26,2,0,712.52
2024-04-13,South,Clothing,57.45,1,0,57.45
2024-04-13,East,Sports,25.88,4,0,103.52
2024-04-13,North,Books,28.2,1,0,28.2
2024-04-13,North,Books,25.39,2,0,50.79
2024-04-13,West,Sports,56.14,1,0,56.14
2024-04-13,North,Clothing,48.12,4,0,192.49
2024-04-13,North,Clothing,38.02,3,15,96.94
2024-04-13,North,Electronics,206.58,1,0,206.58
2024-04-13,North,Home & Garden,101.13,3,0,303.4
2024-04-13,South,Books,24.83,4,15,84.44
2024-04-13,North,Books,22.18,3,10,59.9
2024-04-13,South,Electronics,275.08,2,0,550.15
2024-04-13,West,Clothing,38.43,3,0,115.28
2024-04-13,North,Sports,96.79,2,5,183.89
2024-04-13,East,Books,18.38,4,0,73.5
2024-04-13,South,Electronics,245.84,2,0,491.68
2024-04-14,South,Clothing,55.18,4,0,220.72
2024-04-14,North,Electronics,235.89,4,15,802.02
2024-04-14,South,Sports,58.78,3,0,176.35
2024-04-14,North,Clothing,44.75,2,0,89.5
2024-04-14,East,Sports,72.95,4,0,291.81
2024-04-14,North,Home & Garden,79.69,3,0,239.07
2024-04-14,East,Electronics,314.29,3,5,895.72
2024-04-14,South,Books,16.28,4,0,65.12
2024-04-14,South,Home & Garden,100.43,4,5,381.64
2024-04-14,East,Home & Garden,108.73,1,0,108.73
2024-04-14,North,Clothing,68.47,3,0,205.42
2024-04-14,West,Books,21.39,4,0,85.58
2024-04-14,North,Electronics,289.71,4,10,1042.95
2024-04-14,West,Sports,58.23,1,0,58.23
2024-04-14,West,Clothing,45.74,2,0,91.48
2024-04-14,East,Clothing,27.82,2,15,47.29
2024-04-14,West,Sports,59.45,3,0,178.35
2024-04-15,East,Clothing,25.45,2,0,50.9
2024-04-15,South,Clothing,59.9,1,15,50.92
2024-04-15,East,Clothing,34.26,3,0,102.78
2024-04-15,East,Sports,64.59,2,20,103.35
2024-04-15,South,Electronics,235.56,4,5,895.12
2024-04-15,North,Clothing,51.7,4,15,175.79
2024-04-15,South,Electronics,308.94,1,0,308.94
2024-04-16,East,Home & Garden,89.29,2,0,178.57
2024-04-16,East,Books,23.05,1,0,23.05
2024-04-16,West,Electronics,302.87,1,0,302.87
2024-04-16,East,Home & Garden,73.16,3,0,219.47
2024-04-16,West,Home & Garden,105.66,2,5,200.75
2024-04-16,North,Electronics,254.88,2,0,509.75
2024-04-16,West,Sports,81.11,4,10,291.99
2024-04-16,North,Sports,66.12,3,0,198.35
2024-04-16,East,Clothing,40.78,1,0,40.78
2024-04-16,West,Sports,70.49,3,0,211.48
2024-04-16,West,Books,18.62,3,0,55.86
2024-04-16,East,Sports,34.42,1,5,32.7
2024-04-16,South,Electronics,248.76,4,0,995.02
2024-04-17,West,Electronics,234.51,3,0,703.52
2024-04-17,South,Electronics,162.17,2,0,324.34
2024-04-17,East,Electronics,260.15,1,0,260.15
2024-04-17,South,Electronics,155.39,2,10,279.69
2024-04-17,North,Electronics,289.43,2,0,578.86
2024-04-17,South,Books,16.35,4,0,65.41
2024-04-17,North,Clothing,55.6,4,0,222.41
2024-04-17,East,Clothing,33.12,1,0,33.12
2024-04-17,North,Electronics,184.37,4,0,737.49
2024-04-17,North,Electronics,220.84,3,0,662.52
2024-04-17,East,Electronics,104.65,2,0,209.3
2024-04-17,South,Home & Garden,73.54,4,0,294.16
2024-04-17,East,Sports,54.49,3,0,163.47
2024-04-17,South,Home & Garden,107.31,1,5,101.94
2024-04-18,West,Clothing,44.36,1,0,44.36
2024-04-18,West,Electronics,215.08,3,0,645.23
2024-04-18,North,Electronics,230.5,4,10,829.78
2024-04-18,East,Electronics,251.41,4,5,955.35
2024-04-18,North,Sports,25.84,2,0,51.67
2024-04-18,South,Clothing,64.41,4,20,206.12
2024-04-18,South,Books,20.61,3,0,61.83
2024-04-18,East,Clothing,46.8,1,0,46.8
2024-04-18,South,Sports,41.71,1,0,41.71
2024-04-18,South,Sports,24.32,2,0,48.63
2024-04-18,West,Sports,70.05,2,0,140.1
2024-04-18,South,Books,19.07,3,0,57.21
2024-04-18,North,Home & Garden,91.78,2,5,174.38
2024-04-18,North,Home & Garden,69.42,3,5,197.85
2024-04-18,North,Electronics,182.77,1,0,182.77
2024-04-18,North,Clothing,60.64,1,0,60.64
2024-04-18,North,Home & Garden,106.32,2,0,212.64
2024-04-18,West,Electronics,271.38,2,5,515.63
2024-04-19,South,Books,29.59,3,0,88.76
2024-04-19,North,Clothing,59.07,1,0,59.07
2024-04-19,North,Books,15.33,4,0,61.32
2024-04-19,North,Electronics,227.6,2,5,432.44
2024-04-19,East,Clothing,31.22,2,5,59.32
2024-04-19,South,Clothing,44.52,2,0,89.04
2024-04-19,North,Books,8.21,4,5,31.2
2024-04-19,North,Electronics,324.33,2,0,648.65
2024-04-19,North,Electronics,291.7,4,0,1166.81
2024-04-19,North,Books,22.11,2,0,44.21
2024-04-19,West,Clothing,54.09,2,0,108.17
2024-04-19,South,Sports,36.41,2,0,72.81
2024-04-19,North,Books,14.74,4,0,58.95
2024-04-19,East,Electronics,172.28,3,10,465.15
2024-04-19,West,Home & Garden,99.17,4,0,396.68
2024-04-19,South,Home & Garden,63.85,2,0,127.69
2024-04-19,South,Sports,54.13,1,0,54.13
2024-04-19,North,Clothing,39.44,2,0,78.88
2024-04-19,West,Clothing,37.5,1,0,37.5
2024-04-19,East,Sports,35.91,3,0,107.72
2024-04-20,North,Clothing,49.44,1,5,46.97
2024-04-20,East,Clothing,35.17,2,0,70.34
2024-04-20,South,Electronics,346.53,4,0,1386.11
2024-04-20,South,Clothing,40.02,1,15,34.02
2024-04-20,North,Books,20.04,2,0,40.08
2024-04-20,North,Clothing,21.91,2,5,41.62
2024-04-20,North,Books,14.1,4,5,53.56
2024-04-20,South,Sports,49.91,4,0,199.63
2024-04-20,West,Home & Garden,93.26,4,0,373.03
2024-04-20,South,Clothing,30.03,1,0,30.03
2024-04-20,South,Electronics,264.64,2,0,529.28
2024-04-20,North,Clothing,50.99,2,0,101.99
2024-04-20,South,Sports,47.92,4,0,191.67
2024-04-20,West,Sports,51.59,4,0,206.35
2024-04-20,North,Sports,52.08,4,5,197.9
2024-04-20,East,Home & Garden,100.63,4,0,402.53
2024-04-20,South,Home & Garden,51.82,1,0,51.82
2024-04-20,East,Sports,57.07,4,0,228.27
2024-04-20,East,Home & Garden,90.93,2,0,181.85
2024-04-20,North,Books,21.66,1,0,21.66
2024-04-20,East,Home & Garden,53.34,3,10,144.01
2024-04-20,North,Home & Garden,90.99,3,0,272.97
2024-04-20,North,Home & Garden,66.8,3,0,200.4
2024-04-20,South,Books,28.19,1,15,23.96
2024-04-20,North,Clothing,28.9,1,0,28.9
2024-04-20,East,Electronics,250.68,1,0,250.68
2024-04-21,North,Clothing,28.33,4,0,113.33
2024-04-21,West,Home & Garden,94.19,2,5,178.96
2024-04-21,West,Clothing,43.42,1,0,43.42
2024-04-21,East,Sports,44.98,2,0,89.95
2024-04-21,North,Clothing,45.98,1,0,45.98
2024-04-21,East,Clothing,29.17,4,5,110.84
2024-04-21,West,Clothing,30.4,3,0,91.19
2024-04-21,East,Clothing,62.31,4,0,249.26
2024-04-21,North,Sports,63.12,1,20,50.49
2024-04-21,North,Electronics,231.85,2,0,463.69
2024-04-21,West,Sports,66.66,2,0,133.32
2024-04-21,East,Electronics,319.14,4,0,1276.55
2024-04-21,North,Electronics,231.48,1,20,185.19
2024-04-21,North,Home & Garden,78.84,2,0,157.69
2024-04-21,South,Electronics,320.49,1,10,288.44
2024-04-21,South,Books,23.03,1,0,23.03
2024-04-21,South,Electronics,310.14,1,0,310.14
2024-04-21,North,Home & Garden,63.33,2,0,126.66
2024-04-21,South,Clothing,37.35,3,5,106.45
2024-04-21,East,Clothing,22.8,1,0,22.8
2024-04-21,East,Clothing,55.85,3,10,150.79
2024-04-21,North,Clothing,39.95,2,10,71.91
2024-04-21,East,Sports,63.51,1,5,60.34
2024-04-21,East,Sports,44.76,1,15,38.05
2024-04-21,South,Books,18.16,1,0,18.16
2024-04-21,North,Electronics,290.12,2,5,551.23
2024-04-21,South,Electronics,233.11,2,0,466.22
2024-04-21,North,Electronics,144.94,1,0,144.94
2024-04-21,South,Home & Garden,70.0,3,0,210.01
2024-04-22,North,Electronics,209.33,2,0,418.67
2024-04-22,North,Sports,55.1,2,15,93.67
2024-04-22,North,Electronics,171.01,3,0,513.02
2024-04-22,North,Books,24.84,2,0,49.68
2024-04-22,South,Home & Garden,51.67,4,0,206.7
2024-04-22,South,Sports,50.36,3,0,151.08
2024-04-22,North,Home & Garden,67.92,2,0,135.84
2024-04-22,South,Sports,100.7,2,0,201.41
2024-04-22,East,Electronics,167.5,3,0,502.49
2024-04-22,South,Home & Garden,75.22,3,0,225.67
2024-04-22,East,Clothing,23.69,2,0,47.38
2024-04-22,South,Electronics,289.35,3,0,868.06
2024-04-22,South,Sports,39.9,3,5,113.71
2024-04-22,North,Books,17.57,3,0,52.71
2024-04-22,West,Electronics,328.44,4,5,1248.09
2024-04-22,East,Home & Garden,93.73,2,0,187.47
2024-04-22,South,Electronics,232.83,2,5,442.39
2024-04-22,West,Home & Garden,70.86,3,5,201.94
2024-04-22,North,Books,21.5,2,0,43.01
2024-04-23,South,Sports,71.51,1,0,71.51
2024-04-23,West,Electronics,269.61,4,0,1078.43
2024-04-23,North,Clothing,28.3,3,5,80.65
2024-04-23,West,Sports,73.65,1,0,73.65
2024-04-23,North,Clothing,43.99,2,5,83.58
2024-04-23,South,Clothing,28.76,3,0,86.27
2024-04-23,North,Books,22.22,4,0,88.9
2024-04-23,West,Books,22.55,2,0,45.09
2024-04-23,North,Home & Garden,103.08,2,0,206.16
2024-04-23,North,Books,26.76,3,5,76.27
2024-04-23,East,Clothing,68.62,2,5,130.37
2024-04-23,South,Sports,49.33,4,0,197.3
2024-04-23,South,Books,16.51,4,0,66.06
2024-04-23,East,Sports,50.18,4,0,200.71
2024-04-23,South,Clothing,39.26,2,5,74.59
2024-04-23,North,Clothing,22.35,1,0,22.35
2024-04-23,East,Clothing,46.49,3,0,139.48
2024-04-23,North,Electronics,264.89,4,20,847.63
2024-04-23,North,Books,15.8,4,10,56.87
2024-04-23,East,Electronics,248.2,2,0,496.39
2024-04-23,East,Clothing,59.96,2,0,119.93
2024-04-23,East,Clothing,48.68,4,0,194.71
2024-04-23,South,Clothing,35.6,4,15,121.06
2024-04-23,South,Home & Garden,93.56,3,10,252.61
2024-04-23,West,Clothing,52.52,3,0,157.55
2024-04-24,East,Clothing,36.75,1,0,36.75
2024-04-24,South,Sports,48.9,2,0,97.79
2024-04-24,South,Books,18.9,1,0,18.9
2024-04-24,West,Clothing,33.66,4,0,134.63
2024-04-24,South,Electronics,224.07,4,0,896.27
2024-04-24,South,Clothing,61.9,2,0,123.79
2024-04-24,South,Home & Garden,103.97,4,0,415.86
2024-04-24,South,Electronics,248.88,1,0,248.88
2024-04-24,North,Books,24.77,3,0,74.3
2024-04-24,East,Home & Garden,95.78,4,0,383.13
2024-04-24,South,Electronics,288.34,3,5,821.77
2024-04-24,South,Home & Garden,67.46,1,0,67.46
2024-04-25,West,Sports,37.45,1,5,35.58
2024-04-25,North,Clothing,56.2,1,20,44.96
2024-04-25,North,Electronics,363.14,3,0,1089.43
2024-04-25,South,Clothing,49.49,1,0,49.49
2024-04-25,West,Clothing,49.04,3,0,147.12
2024-04-25,South,Electronics,333.39,3,0,1000.17
2024-04-25,North,Clothing,32.14,3,0,96.42
2024-04-25,East,Electronics,194.32,1,0,194.32
2024-04-25,East,Clothing,43.84,4,0,175.34
2024-04-25,North,Books,17.55,2,10,31.59
2024-04-26,West,Sports,59.45,1,0,59.45
2024-04-26,South,Sports,51.24,3,0,153.71
2024-04-26,West,Electronics,247.6,4,0,990.42
2024-04-26,East,Sports,72.28,4,0,289.13
2024-04-26,South,Books,19.14,3,20,45.93
2024-04-26,East,Electronics,191.43,3,0,574.28
2024-04-26,South,Home & Garden,88.37,4,0,353.5
2024-04-26,North,Clothing,44.84,3,15,114.35
2024-04-26,West,Electronics,279.26,4,0,1117.04
2024-04-26,East,Clothing,47.89,2,0,95.79
2024-04-26,West,Electronics,267.57,2,0,535.15
2024-04-26,North,Sports,87.49,1,0,87.49
2024-04-26,North,Books,17.53,4,0,70.12
2024-04-26,East,Clothing,28.33,4,0,113.31
2024-04-26,North,Home & Garden,89.35,2,20,142.95
2024-04-26,East,Clothing,38.88,2,0,77.75
2024-04-26,East,Electronics,284.69,2,10,512.45
2024-04-27,South,Home & Garden,85.61,1,0,85.61
2024-04-27,North,Sports,48.7,2,0,97.4
2024-04-27,East,Electronics,242.9,3,10,655.83
2024-04-27,West,Books,25.81,2,0,51.61
2024-04-27,West,Electronics,222.71,3,15,567.92
2024-04-27,South,Clothing,44.98,2,0,89.96
2024-04-27,North,Sports,62.1,2,5,117.99
2024-04-27,East,Clothing,41.47,1,0,41.47
2024-04-27,East,Electronics,233.77,3,0,701.32
2024-04-27,East,Home & Garden,124.13,4,0,496.52
2024-04-27,North,Books,20.4,1,0,20.4
2024-04-27,North,Books,17.63,2,0,35.27
2024-04-27,North,Books,16.44,3,5,46.86
2024-04-27,North,Clothing,39.3,3,0,117.9
2024-04-27,South,Clothing,47.7,3,0,143.1
2024-04-27,South,Sports,52.89,3,10,142.8
2024-04-27,South,Clothing,55.29,3,0,165.88
2024-04-27,East,Clothing,42.23,4,0,168.9
2024-04-27,South,Electronics,295.95,1,0,295.95
2024-04-27,East,Books,16.24,4,15,55.22
2024-04-27,North,Electronics,346.03,4,20,1107.31
2024-04-28,North,Clothing,45.22,1,0,45.22
2024-04-28,North,Electronics,225.01,4,0,900.04
2024-04-28,South,Clothing,58.17,2,0,116.33
2024-04-28,East,Sports,51.8,1,0,51.8
2024-04-28,East,Clothing,42.87,3,20,102.89
2024-04-28,East,Sports,58.7,3,5,167.31
2024-04-28,North,Electronics,260.71,2,0,521.43
2024-04-28,North,Sports,68.81,4,0,275.23
2024-04-28,East,Electronics,403.74,4,0,1614.97
2024-04-28,East,Electronics,298.84,2,5,567.8
2024-04-28,South,Sports,37.19,3,0,111.58
2024-04-28,North,Clothing,20.16,1,0,20.16
2024-04-28,South,Clothing,44.01,4,0,176.02
2024-04-28,West,Electronics,388.17,4,0,1552.67
2024-04-28,East,Books,10.29,2,10,18.53
2024-04-28,South,Sports,37.39,2,0,74.78
2024-04-28,East,Sports,38.64,1,0,38.64
2024-04-28,West,Home & Garden,118.23,4,0,472.93
2024-04-28,East,Sports,64.29,3,0,192.86
2024-04-28,East,Clothing,47.12,3,0,141.36
2024-04-28,South,Clothing,65.34,3,0,196.01
2024-04-28,South,Sports,84.62,1,0,84.62
2024-04-28,West,Electronics,299.25,3,0,897.74
2024-04-28,South,Clothing,50.19,2,10,90.34
2024-04-28,North,Clothing,46.67,1,0,46.67
2024-04-28,West,Electronics,239.3,4,0,957.19
2024-04-28,South,Electronics,254.63,3,0,763.88
2024-04-28,East,Home & Garden,81.93,2,0,163.87
2024-04-28,West,Sports,92.9,2,0,185.8
2024-04-28,East,Electronics,309.73,1,0,309.73
2024-04-29,North,Home & Garden,87.48,4,0,349.9
2024-04-29,West,Clothing,51.29,1,0,51.29
2024-04-29,South,Home & Garden,76.31,4,0,305.26
2024-04-29,North,Home & Garden,75.88,4,20,242.83
2024-04-29,East,Sports,38.13,2,0,76.27
2024-04-29,East,Clothing,46.42,4,0,185.67
2024-04-29,South,Books,27.87,1,5,26.48
2024-04-29,North,Clothing,41.11,1,0,41.11
2024-04-29,West,Electronics,277.71,3,0,833.12
2024-04-29,West,Clothing,47.05,3,15,119.97
2024-04-29,South,Home & Garden,121.04,2,5,229.98
2024-04-29,East,Home & Garden,45.88,4,0,183.52
2024-04-29,North,Electronics,301.06,3,0,903.19
2024-04-29,North,Sports,44.74,1,0,44.74
2024-04-29,North,Sports,64.31,3,20,154.34
2024-04-29,East,Electronics,308.98,1,0,308.98
2024-04-29,East,Clothing,40.5,1,10,36.45
2024-04-29,South,Books,10.82,4,0,43.29
2024-04-29,West,Electronics,259.85,4,0,1039.41
2024-04-29,East,Electronics,262.18,4,0,1048.74
2024-04-29,South,Electronics,360.61,2,5,685.16
2024-04-30,South,Sports,78.73,2,5,149.58
2024-04-30,West,Electronics,194.64,3,0,583.93
2024-04-30,West,Clothing,37.97,2,0,75.94
2024-04-30,West,Home & Garden,47.57,4,0,190.28
2024-04-30,West,Home & Garden,53.2,4,10,191.54
2024-04-30,East,Home & Garden,55.82,4,5,212.13
2024-04-30,North,Clothing,38.63,1,0,38.63
2024-04-30,East,Electronics,87.46,3,0,262.39
2024-04-30,West,Electronics,339.37,1,0,339.37
2024-05-01,East,Home & Garden,88.34,1,0,88.34
2024-05-01,South,Electronics,188.46,2,0,376.92
2024-05-01,South,Sports,70.27,3,0,210.82
2024-05-01,North,Books,16.83,2,0,33.67
2024-05-01,South,Home & Garden,52.55,2,0,105.1
2024-05-01,East,Sports,55.42,4,5,210.58
2024-05-01,North,Books,24.26,3,0,72.78
2024-05-01,East,Home & Garden,80.1,1,0,80.1
2024-05-01,East,Clothing,37.86,1,5,35.97
2024-05-01,East,Electronics,320.55,2,0,641.11
2024-05-01,South,Sports,55.95,2,0,111.91
2024-05-01,West,Home & Garden,65.39,3,0,196.16
2024-05-01,North,Clothing,50.4,1,0,50.4
2024-05-01,South,Clothing,60.56,1,5,57.53
2024-05-02,East,Electronics,235.22,2,0,470.44
2024-05-02,North,Sports,18.16,2,0,36.32
2024-05-02,North,Books,20.41,2,0,40.81
2024-05-02,North,Books,25.89,2,0,51.79
2024-05-02,West,Home & Garden,86.1,4,0,344.42
2024-05-02,South,Sports,71.83,1,0,71.83
2024-05-02,North,Books,24.64,2,20,39.42
2024-05-02,East,Clothing,47.35,2,0,94.69
2024-05-02,East,Clothing,64.87,4,0,259.49
2024-05-02,East,Clothing,50.41,4,0,201.63
2024-05-02,North,Home & Garden,34.88,2,5,66.28
2024-05-02,West,Books,22.16,2,15,37.66
2024-05-02,South,Clothing,34.56,4,0,138.25
2024-05-02,South,Home & Garden,82.03,2,0,164.06
2024-05-02,South,Home & Garden,78.08,2,5,148.35
2024-05-02,North,Electronics,237.62,2,10,427.72
2024-05-03,North,Electronics,224.52,1,10,202.07
2024-05-03,East,Home & Garden,73.78,4,0,295.1
2024-05-03,East,Clothing,16.77,1,0,16.77
2024-05-03,North,Clothing,36.35,4,0,145.41
2024-05-03,West,Books,32.32,2,0,64.64
2024-05-03,West,Home & Garden,77.82,3,0,233.47
2024-05-03,East,Electronics,232.27,2,0,464.54
2024-05-03,North,Electronics,324.4,3,0,973.21
2024-05-03,East,Clothing,45.55,2,0,91.11
2024-05-03,West,Books,19.04,2,0,38.07
2024-05-03,North,Books,22.55,1,0,22.55
2024-05-03,North,Books,16.92,1,0,16.92
2024-05-03,East,Home & Garden,71.16,3,5,202.79
2024-05-04,West,Electronics,302.75,4,0,1210.99
2024-05-04,South,Books,23.9,4,0,95.6
2024-05-04,West,Books,14.13,4,0,56.52
2024-05-04,East,Home & Garden,99.4,1,0,99.4
2024-05-04,East,Books,21.18,3,0,63.54
2024-05-04,West,Home & Garden,102.42,1,0,102.42
2024-05-04,East,Sports,83.54,4,15,284.05
2024-05-04,East,Clothing,59.35,4,0,237.38
2024-05-04,South,Electronics,404.62,3,15,1031.79
2024-05-04,East,Books,14.39,4,0,57.58
2024-05-04,West,Clothing,60.53,3,10,163.42
2024-05-04,West,Home & Garden,76.8,3,10,207.36
2024-05-04,North,Home & Garden,93.52,1,0,93.52
2024-05-04,South,Home & Garden,77.92,2,5,148.06
2024-05-04,South,Electronics,176.22,3,0,528.66
2024-05-04,East,Sports,62.1,4,0,248.39
2024-05-04,North,Books,22.87,2,0,45.74
2024-05-04,West,Sports,81.22,4,0,324.89
2024-05-04,East,Electronics,195.36,1,0,195.36
2024-05-04,North,Home & Garden,101.78,3,0,305.35
2024-05-04,South,Electronics,144.77,3,0,434.31
2024-05-04,West,Sports,57.92,2,0,115.85
2024-05-04,East,Clothing,40.75,4,0,163.02
2024-05-05,South,Clothing,37.7,3,0,113.09
2024-05-05,North,Clothing,40.52,4,0,162.08
2024-05-05,East,Clothing,46.48,4,5,176.61
2024-05-05,East,Sports,73.27,4,0,293.09
2024-05-05,South,Clothing,57.84,4,0,231.37
2024-05-05,North,Books,14.71,4,10,52.96
2024-05-05,East,Clothing,39.41,3,0,118.22
2024-05-05,North,Books,21.47,4,0,85.88
2024-05-05,North,Electronics,366.09,1,10,329.48
2024-05-05,South,Books,11.13,1,0,11.13
2024-05-05,East,Electronics,339.61,1,10,305.65
2024-05-05,East,Home & Garden,52.45,4,0,209.82
2024-05-05,West,Sports,45.2,2,15,76.83
2024-05-06,North,Home & Garden,56.24,4,20,179.98
2024-05-06,East,Books,23.4,1,0,23.4
2024-05-06,North,Electronics,205.62,3,10,555.16
2024-05-06,West,Electronics,150.47,2,0,300.94
2024-05-06,East,Electronics,332.46,3,0,997.39
2024-05-06,East,Home & Garden,63.68,4,0,254.73
2024-05-06,South,Clothing,32.02,2,0,64.04
2024-05-06,North,Clothing,47.16,2,0,94.32
2024-05-06,East,Clothing,46.06,3,20,110.55
2024-05-06,East,Electronics,280.29,1,0,280.29
2024-05-06,South,Clothing,48.01,3,0,144.03
2024-05-06,East,Clothing,58.98,4,0,235.93
2024-05-06,North,Home & Garden,112.35,4,0,449.42
2024-05-06,West,Clothing,52.95,4,0,211.79
2024-05-07,North,Books,19.9,2,0,39.81
2024-05-07,East,Home & Garden,71.58,1,0,71.58
2024-05-07,West,Clothing,27.45,1,0,27.45
2024-05-07,East,Books,11.98,1,10,10.79
2024-05-07,North,Home & Garden,43.7,4,5,166.07
2024-05-07,East,Electronics,177.65,3,0,532.96
2024-05-07,South,Home & Garden,89.44,4,0,357.76
2024-05-07,North,Books,18.62,3,0,55.86
2024-05-07,South,Books,13.88,3,0,41.63
2024-05-07,West,Home & Garden,91.03,4,0,364.13
2024-05-07,West,Home & Garden,86.05,1,0,86.05
2024-05-07,West,Clothing,34.47,4,0,137.89
2024-05-07,North,Home & Garden,58.48,4,0,233.93
2024-05-07,North,Books,16.58,2,5,31.5
2024-05-08,West,Clothing,39.83,3,0,119.48
2024-05-08,West,Sports,46.81,4,10,168.5
2024-05-08,East,Electronics,198.73,2,15,337.84
2024-05-08,South,Clothing,52.84,1,0,52.84
2024-05-08,North,Books,28.23,1,0,28.23
2024-05-08,South,Electronics,180.09,4,0,720.37
2024-05-08,North,Sports,69.64,3,0,208.93
2024-05-08,North,Books,22.19,1,10,19.97
2024-05-08,East,Clothing,36.56,4,20,116.98
2024-05-08,West,Sports,45.17,1,0,45.17
2024-05-08,East,Books,31.2,3,0,93.61
2024-05-08,North,Books,17.14,3,5,48.85
2024-05-08,North,Sports,32.17,1,0,32.17
2024-05-08,West,Sports,63.56,4,0,254.26
2024-05-08,East,Sports,41.84,4,0,167.36
2024-05-08,North,Clothing,41.25,1,0,41.25
2024-05-08,South,Sports,73.59,1,10,66.23
2024-05-09,North,Home & Garden,72.73,3,5,207.29
2024-05-09,West,Clothing,48.34,2,5,91.84
2024-05-09,South,Sports,39.97,3,0,119.9
2024-05-09,East,Clothing,37.47,1,15,31.85
2024-05-09,West,Electronics,230.8,4,0,923.19
2024-05-09,North,Books,26.85,4,0,107.38
2024-05-09,North,Clothing,51.59,3,5,147.04
2024-05-09,South,Clothing,61.03,1,10,54.93
2024-05-09,West,Clothing,58.13,2,0,116.26
2024-05-09,North,Sports,83.83,3,0,251.48
2024-05-09,South,Electronics,313.69,2,0,627.37
2024-05-09,West,Home & Garden,77.46,3,0,232.39
2024-05-09,South,Clothing,42.59,4,10,153.34
2024-05-09,East,Electronics,188.94,3,15,481.8
2024-05-10,South,Sports,79.07,3,0,237.21
2024-05-10,East,Home & Garden,82.31,1,0,82.31
2024-05-10,North,Home & Garden,79.41,1,0,79.41
2024-05-10,West,Clothing,49.45,4,10,178.01
2024-05-10,East,Clothing,28.08,3,0,84.23
2024-05-10,East,Sports,63.68,3,0,191.03
2024-05-10,North,Books,22.11,3,0,66.33
2024-05-10,South,Home & Garden,57.43,4,0,229.71
2024-05-10,South,Books,18.18,4,0,72.72
2024-05-10,South,Clothing,50.76,3,0,152.29
2024-05-10,North,Home & Garden,89.13,2,10,160.43
2024-05-10,North,Sports,54.49,4,5,207.08
2024-05-10,North,Home & Garden,61.42,4,0,245.68
2024-05-11,North,Home & Garden,102.64,4,0,410.58
2024-05-11,South,Clothing,43.79,1,0,43.79
2024-05-11,West,Sports,84.09,3,0,252.26
2024-05-11,South,Electronics,155.01,4,0,620.05
2024-05-11,West,Clothing,37.44,3,0,112.31
2024-05-11,South,Sports,41.06,3,0,123.17
2024-05-11,West,Clothing,31.17,1,5,29.61
2024-05-11,East,Clothing,49.88,1,0,49.88
2024-05-11,East,Home & Garden,65.13,3,0,195.4
2024-05-11,East,Sports,87.72,4,0,350.89
2024-05-11,North,Sports,68.1,1,0,68.1
2024-05-11,West,Books,32.89,4,0,131.54
2024-05-11,South,Electronics,260.91,2,0,521.81
2024-05-11,South,Clothing,52.67,2,10,94.8
2024-05-11,East,Sports,60.21,1,10,54.19
2024-05-11,East,Home & Garden,101.92,1,0,101.92
2024-05-11,South,Clothing,47.21,1,0,47.21
2024-05-11,West,Clothing,38.13,3,0,114.38
2024-05-11,North,Books,23.98,2,0,47.96
2024-05-11,South,Electronics,308.73,3,0,926.2
2024-05-11,West,Home & Garden,65.76,2,10,118.36
2024-05-11,North,Clothing,48.52,3,0,145.56
2024-05-11,North,Clothing,51.45,1,5,48.88
2024-05-11,East,Clothing,41.74,1,10,37.56
2024-05-12,North,Sports,70.61,2,0,141.22
2024-05-12,South,Sports,78.86,1,15,67.03
2024-05-12,North,Electronics,216.66,3,15,552.48
2024-05-12,North,Electronics,208.39,2,0,416.78
2024-05-12,East,Clothing,56.98,1,0,56.98
2024-05-12,North,Electronics,244.42,4,0,977.7
2024-05-12,East,Clothing,63.12,4,5,239.84
2024-05-12,West,Clothing,61.4,2,5,116.65
2024-05-12,West,Electronics,154.76,4,10,557.13
2024-05-12,South,Sports,52.64,3,0,157.92
2024-05-12,East,Clothing,41.82,1,0,41.82
2024-05-12,East,Electronics,283.59,2,0,567.18
2024-05-12,West,Clothing,46.46,3,20,111.5
2024-05-12,East,Sports,50.74,3,0,152.22
2024-05-12,West,Electronics,325.14,2,0,650.28
2024-05-12,North,Electronics,206.16,1,0,206.16
2024-05-12,South,Electronics,185.5,2,0,371.0
2024-05-12,South,Clothing,44.41,2,5,84.37
2024-05-12,North,Clothing,52.35,2,0,104.7
2024-05-12,East,Sports,57.94,3,0,173.81
2024-05-12,North,Electronics,265.39,3,0,796.18
2024-05-12,North,Clothing,41.63,3,0,124.89
2024-05-12,South,Home & Garden,64.73,4,0,258.92
2024-05-12,East,Books,21.76,4,0,87.06
2024-05-12,North,Home & Garden,65.75,2,0,131.51
2024-05-12,North,Clothing,76.14,2,20,121.83
2024-05-12,North,Sports,56.23,3,0,168.68
2024-05-12,North,Sports,50.07,1,15,42.56
2024-05-12,West,Clothing,33.78,4,0,135.12
2024-05-13,South,Clothing,40.22,2,10,72.4
2024-05-13,North,Books,21.99,1,0,21.99
2024-05-13,West,Sports,52.88,1,10,47.59
2024-05-13,South,Electronics,166.25,2,0,332.5
2024-05-13,East,Electronics,152.07,3,0,456.2
2024-05-13,East,Sports,66.11,3,0,198.32
2024-05-13,North,Electronics,232.34,4,0,929.35
2024-05-13,West,Electronics,223.58,4,0,894.34
2024-05-13,West,Home & Garden,90.69,4,5,344.61
2024-05-13,East,Electronics,139.47,4,10,502.11
2024-05-13,East,Clothing,57.36,1,0,57.36
2024-05-13,East,Home & Garden,89.78,1,10,80.8
2024-05-13,North,Clothing,41.8,1,0,41.8
2024-05-13,North,Home & Garden,60.05,1,20,48.04
2024-05-13,North,Sports,52.71,2,0,105.43
2024-05-13,South,Sports,50.5,4,0,201.99
2024-05-13,West,Home & Garden,108.21,1,10,97.39
2024-05-13,North,Electronics,230.64,2,0,461.29
2024-05-14,West,Sports,60.98,2,10,109.77
2024-05-14,East,Sports,72.42,1,0,72.42
2024-05-14,North,Home & Garden,86.62,4,0,346.47
2024-05-14,East,Electronics,296.86,2,0,593.72
2024-05-14,West,Clothing,49.28,1,0,49.28
2024-05-14,East,Sports,83.19,2,5,158.05
2024-05-15,West,Books,18.02,4,5,68.49
2024-05-15,East,Sports,64.64,2,20,103.42
2024-05-15,South,Clothing,57.62,4,0,230.5
2024-05-15,West,Clothing,49.82,2,10,89.68
2024-05-15,South,Electronics,213.13,1,20,170.5
2024-05-15,South,Home & Garden,86.62,3,0,259.86
2024-05-15,North,Electronics,117.68,4,0,470.71
2024-05-15,South,Home & Garden,79.8,3,0,239.39
2024-05-15,North,Books,16.02,3,20,38.45
2024-05-15,West,Sports,86.2,3,0,258.59
2024-05-15,North,Books,13.57,4,0,54.26
2024-05-15,North,Electronics,277.99,1,20,222.39
2024-05-15,North,Sports,52.01,1,0,52.01
2024-05-15,North,Sports,69.6,3,0,208.8
2024-05-15,North,Clothing,53.74,1,10,48.37
2024-05-15,East,Clothing,32.97,3,0,98.9
2024-05-15,East,Clothing,44.61,2,0,89.21
2024-05-15,North,Clothing,34.79,2,15,59.15
2024-05-15,West,Clothing,49.15,1,0,49.15
2024-05-15,East,Electronics,143.18,2,0,286.35
2024-05-15,West,Sports,64.38,4,0,257.53
2024-05-16,North,Home & Garden,82.3,3,0,246.89
2024-05-16,South,Books,18.66,2,0,37.32
2024-05-16,East,Books,17.79,1,0,17.79
2024-05-16,North,Books,24.13,1,10,21.72
2024-05-16,East,Electronics,243.5,3,0,730.5
2024-05-16,North,Clothing,27.16,1,0,27.16
2024-05-17,East,Clothing,52.1,3,0,156.3
2024-05-17,West,Clothing,43.05,2,10,77.49
2024-05-17,East,Sports,66.24,2,0,132.47
2024-05-17,West,Clothing,43.34,3,0,130.01
2024-05-17,West,Sports,76.06,2,10,136.91
2024-05-17,North,Home & Garden,108.67,3,10,293.42
2024-05-17,North,Home & Garden,42.81,2,5,81.33
2024-05-17,East,Clothing,45.28,2,0,90.56
2024-05-17,West,Electronics,127.3,2,0,254.6
2024-05-17,North,Books,12.96,2,0,25.91
2024-05-17,South,Sports,64.13,2,5,121.84
2024-05-17,North,Clothing,39.39,2,0,78.78
2024-05-17,West,Sports,48.56,2,0,97.11
2024-05-17,West,Clothing,46.98,2,0,93.95
2024-05-17,North,Electronics,185.95,3,15,474.18
2024-05-17,South,Clothing,40.45,3,0,121.34
2024-05-17,North,Clothing,22.76,3,10,61.45
2024-05-18,North,Sports,87.72,3,0,263.15
2024-05-18,North,Sports,77.86,4,0,311.43
2024-05-18,East,Home & Garden,45.77,2,5,86.96
2024-05-18,South,Sports,65.57,1,0,65.57
2024-05-18,North,Books,24.05,1,0,24.05
2024-05-18,North,Electronics,327.02,2,0,654.04
2024-05-18,West,Sports,50.64,1,20,40.51
2024-05-18,East,Books,11.38,2,10,20.49
2024-05-18,West,Electronics,338.04,2,10,608.47
2024-05-18,West,Clothing,43.59,1,0,43.59
2024-05-18,West,Clothing,42.93,1,0,42.93
2024-05-18,North,Sports,65.06,2,0,130.11
2024-05-18,North,Electronics,230.18,2,0,460.36
2024-05-18,West,Home & Garden,63.93,1,0,63.93
2024-05-18,West,Home & Garden,77.89,1,0,77.89
2024-05-18,West,Sports,40.44,1,0,40.44
2024-05-18,South,Clothing,49.56,3,0,148.67
2024-05-18,South,Home & Garden,63.09,3,0,189.27
2024-05-18,North,Clothing,53.86,4,10,193.9
2024-05-18,East,Clothing,69.05,2,5,131.19
2024-05-19,South,Books,26.26,3,0,78.79
2024-05-19,South,Sports,77.05,3,0,231.14
2024-05-19,West,Home & Garden,65.49,3,15,167.0
2024-05-19,East,Sports,57.8,1,0,57.8
2024-05-19,East,Electronics,258.0,4,10,928.78
2024-05-19,West,Sports,69.54,1,0,69.54
2024-05-19,East,Clothing,40.71,4,20,130.27
2024-05-19,West,Books,21.51,1,0,21.51
2024-05-19,South,Electronics,261.56,3,0,784.68
2024-05-19,West,Clothing,72.02,2,0,144.04
2024-05-19,East,Electronics,215.71,1,0,215.71
2024-05-19,North,Clothing,42.51,1,0,42.51
2024-05-19,South,Electronics,143.68,4,0,574.71
2024-05-19,North,Clothing,49.21,1,0,49.21
2024-05-19,West,Sports,55.56,4,0,222.26
2024-05-19,West,Electronics,294.26,4,15,1000.48
2024-05-19,North,Electronics,320.21,3,0,960.64
2024-05-19,North,Home & Garden,93.54,2,0,187.08
2024-05-19,East,Home & Garden,109.03,3,5,310.75
2024-05-19,South,Electronics,219.36,2,0,438.71
2024-05-19,East,Electronics,261.69,3,0,785.08
2024-05-19,West,Sports,65.83,1,0,65.83
2024-05-19,South,Clothing,26.23,4,0,104.94
2024-05-19,East,Clothing,37.6,2,0,75.19
2024-05-19,South,Clothing,44.8,3,20,107.51
2024-05-19,East,Clothing,48.3,3,0,144.9
2024-05-20,East,Clothing,53.41,2,10,96.13
2024-05-20,South,Clothing,47.57,1,5,45.2
2024-05-20,East,Home & Garden,53.1,1,0,53.1
2024-05-20,North,Clothing,32.91,2,0,65.81
2024-05-20,West,Clothing,30.14,4,0,120.58
2024-05-20,East,Sports,65.79,2,0,131.57
2024-05-20,East,Books,16.25,3,0,48.74
2024-05-20,East,Electronics,231.28,1,0,231.28
2024-05-20,South,Clothing,40.27,4,0,161.09
2024-05-20,North,Electronics,378.88,4,0,1515.51
2024-05-20,East,Books,15.93,3,0,47.79
2024-05-20,South,Clothing,31.89,2,0,63.78
2024-05-20,South,Sports,77.69,3,0,233.06
2024-05-20,South,Electronics,159.94,1,0,159.94
2024-05-21,North,Clothing,29.03,4,15,98.71
2024-05-21,West,Books,15.71,2,0,31.43
2024-05-21,West,Clothing,45.32,2,0,90.63
2024-05-21,South,Electronics,422.67,1,0,422.67
2024-05-21,West,Clothing,49.5,1,5,47.02
2024-05-21,North,Clothing,46.87,4,0,187.46
2024-05-21,North,Home & Garden,95.15,3,0,285.46
2024-05-21,South,Home & Garden,63.24,3,0,189.72
2024-05-21,North,Electronics,301.42,4,0,1205.67
2024-05-21,South,Electronics,270.96,4,0,1083.83
2024-05-21,East,Sports,62.54,1,15,53.16
2024-05-21,East,Clothing,44.47,2,10,80.04
2024-05-22,North,Home & Garden,83.15,3,0,249.44
2024-05-22,South,Clothing,55.99,4,0,223.94
2024-05-22,North,Sports,71.33,1,0,71.33
2024-05-22,North,Home & Garden,84.18,3,20,202.04
2024-05-22,East,Clothing,48.32,2,0,96.64
2024-05-22,East,Home & Garden,87.9,4,0,351.59
2024-05-22,South,Clothing,35.57,1,5,33.79
2024-05-22,East,Sports,51.9,3,0,155.69
2024-05-22,North,Electronics,385.35,1,0,385.35
2024-05-22,North,Books,25.27,1,0,25.27
2024-05-22,South,Electronics,161.55,3,5,460.42
2024-05-22,South,Clothing,36.22,2,0,72.44
2024-05-22,East,Electronics,210.05,1,0,210.05
2024-05-22,South,Home & Garden,76.87,2,0,153.75
2024-05-23,West,Home & Garden,111.12,4,5,422.26
2024-05-23,South,Clothing,47.78,1,0,47.78
2024-05-23,South,Books,21.61,1,0,21.61
2024-05-23,South,Clothing,46.31,1,0,46.31
2024-05-23,South,Sports,42.28,2,10,76.1
2024-05-23,East,Books,7.53,1,10,6.78
2024-05-23,East,Clothing,45.52,3,20,109.24
2024-05-23,South,Electronics,234.84,1,0,234.84
2024-05-23,East,Electronics,197.04,1,0,197.04
2024-05-23,South,Sports,53.24,4,0,212.94
2024-05-24,West,Electronics,222.29,1,0,222.29
2024-05-24,South,Electronics,233.11,3,0,699.32
2024-05-24,North,Clothing,57.38,2,0,114.76
2024-05-24,East,Sports,83.7,3,0,251.09
2024-05-24,East,Electronics,290.9,4,0,1163.6
2024-05-24,West,Clothing,48.26,1,0,48.26
2024-05-24,North,Books,19.71,3,0,59.12
2024-05-24,North,Clothing,45.53,1,0,45.53
2024-05-25,West,Books,23.44,3,0,70.32
2024-05-25,East,Home & Garden,90.95,3,15,231.93
2024-05-25,East,Books,13.61,2,0,27.22
2024-05-25,South,Clothing,62.75,2,0,125.49
2024-05-25,East,Home & Garden,76.14,2,0,152.28
2024-05-25,North,Clothing,24.95,3,0,74.85
2024-05-25,West,Books,18.41,4,0,73.63
2024-05-25,East,Sports,68.11,1,0,68.11
2024-05-25,North,Electronics,274.49,4,0,1097.97
2024-05-25,East,Sports,44.48,4,0,177.92
2024-05-25,North,Clothing,46.66,2,0,93.32
2024-05-25,South,Home & Garden,96.28,4,0,385.1
2024-05-25,East,Electronics,302.83,3,5,863.06
2024-05-25,East,Books,23.02,4,5,87.47
2024-05-25,West,Clothing,31.81,2,0,63.61
2024-05-25,West,Home & Garden,73.76,4,0,295.04
2024-05-25,North,Clothing,33.96,3,15,86.61
2024-05-25,South,Electronics,201.82,2,0,403.65
2024-05-25,East,Home & Garden,66.08,4,0,264.33
2024-05-25,West,Electronics,374.52,4,0,1498.09
2024-05-25,North,Electronics,212.66,2,0,425.33
2024-05-25,East,Electronics,256.9,4,5,976.22
2024-05-25,North,Sports,50.94,1,0,50.94
2024-05-26,East,Sports,81.88,3,0,245.64
2024-05-26,East,Sports,80.42,2,0,160.83
2024-05-26,North,Electronics,254.05,4,15,863.77
2024-05-26,North,Clothing,54.73,2,0,109.46
2024-05-26,East,Sports,47.71,3,5,135.97
2024-05-26,South,Clothing,41.58,2,0,83.15
2024-05-26,North,Books,18.44,3,0,55.31
2024-05-26,East,Sports,61.38,1,0,61.38
2024-05-26,North,Electronics,207.99,3,15,530.38
2024-05-26,West,Sports,33.42,3,0,100.26
2024-05-26,East,Home & Garden,92.74,1,0,92.74
2024-05-26,South,Electronics,296.64,3,0,889.93
2024-05-26,North,Home & Garden,83.13,1,0,83.13
2024-05-26,West,Electronics,263.48,2,0,526.96
2024-05-26,North,Sports,54.71,1,0,54.71
2024-05-26,North,Home & Garden,71.93,2,0,143.87
2024-05-26,South,Clothing,57.07,4,0,228.28
2024-05-26,South,Home & Garden,85.47,4,0,341.89
2024-05-26,South,Electronics,347.93,3,5,991.6
2024-05-26,East,Electronics,213.32,2,0,426.64
2024-05-26,East,Home & Garden,34.8,3,0,104.41
2024-05-26,East,Books,18.0,1,0,18.0
2024-05-26,East,Home & Garden,68.34,3,0,205.01
2024-05-27,North,Sports,58.46,3,5,166.62
2024-05-27,North,Clothing,51.08,4,0,204.33
2024-05-27,East,Electronics,232.42,4,0,929.7
2024-05-27,East,Books,20.62,3,0,61.85
2024-05-27,East,Clothing,26.58,1,0,26.58
2024-05-27,West,Electronics,296.8,2,20,474.88
2024-05-27,South,Home & Garden,83.32,1,0,83.32
2024-05-27,West,Books,14.25,2,5,27.08
2024-05-27,North,Clothing,41.59,1,0,41.59
2024-05-27,East,Clothing,35.99,4,0,143.97
2024-05-27,West,Clothing,38.08,2,0,76.16
2024-05-27,West,Books,15.87,3,0,47.62
2024-05-27,North,Books,12.29,3,0,36.88
2024-05-28,South,Home & Garden,81.87,3,0,245.6
2024-05-28,South,Electronics,267.7,1,5,254.31
2024-05-28,North,Books,19.49,4,0,77.96
2024-05-28,North,Home & Garden,104.85,1,0,104.85
2024-05-28,North,Books,24.82,3,0,74.47
2024-05-28,East,Home & Garden,51.61,4,0,206.45
2024-05-28,West,Sports,63.36,1,0,63.36
2024-05-28,North,Clothing,47.72,3,0,143.15
2024-05-28,East,Clothing,43.87,4,20,140.37
2024-05-28,South,Electronics,317.33,3,0,951.99
2024-05-29,West,Electronics,248.88,1,10,224.0
2024-05-29,East,Home & Garden,90.94,2,0,181.88
2024-05-29,East,Clothing,51.73,4,0,206.91
2024-05-29,West,Clothing,62.06,2,15,105.5
2024-05-29,East,Home & Garden,49.85,1,0,49.85
2024-05-29,West,Clothing,35.54,4,0,142.15
2024-05-29,South,Home & Garden,39.93,2,10,71.88
2024-05-29,South,Clothing,59.34,3,0,178.02
2024-05-29,North,Home & Garden,98.49,2,0,196.99
2024-05-29,East,Electronics,198.92,1,10,179.03
2024-05-29,East,Home & Garden,97.81,4,0,391.23
2024-05-29,South,Sports,37.41,3,0,112.24
2024-05-29,North,Sports,72.6,3,0,217.8
2024-05-30,North,Clothing,53.59,3,15,136.65
2024-05-30,North,Books,27.08,4,0,108.31
2024-05-30,West,Sports,67.92,2,0,135.84
2024-05-30,North,Clothing,36.36,2,0,72.71
2024-05-30,West,Books,19.93,4,5,75.73
2024-05-30,South,Sports,57.05,2,0,114.11
2024-05-30,South,Books,23.82,1,0,23.82
2024-05-30,East,Home & Garden,88.01,3,15,224.44
2024-05-30,South,Electronics,266.5,1,10,239.85
2024-05-30,South,Electronics,169.76,1,0,169.76
2024-05-30,West,Home & Garden,86.91,2,10,156.44
2024-05-31,East,Electronics,246.12,3,0,738.36
2024-05-31,North,Electronics,196.81,1,0,196.81
2024-05-31,North,Clothing,32.96,3,0,98.89
2024-05-31,South,Clothing,57.22,3,0,171.67
2024-05-31,West,Clothing,50.01,4,0,200.06
2024-05-31,East,Electronics,271.56,2,0,543.12
2024-05-31,West,Home & Garden,80.87,3,0,242.6
2024-05-31,North,Home & Garden,68.66,4,0,274.65
2024-05-31,North,Sports,72.16,1,0,72.16
2024-05-31,East,Home & Garden,96.63,1,0,96.63
2024-05-31,South,Books,20.61,2,0,41.21
2024-05-31,West,Home & Garden,90.32,2,0,180.65
2024-05-31,South,Electronics,316.59,2,0,633.18
2024-05-31,East,Electronics,171.29,2,20,274.06
2024-05-31,West,Sports,53.94,1,20,43.15
2024-05-31,North,Electronics,221.83,4,0,887.31
2024-05-31,West,Sports,29.97,1,5,28.48
2024-05-31,East,Clothing,39.26,1,0,39.26
2024-06-01,East,Home & Garden,67.98,2,0,135.96
2024-06-01,West,Electronics,227.42,2,15,386.62
2024-06-01,South,Clothing,46.38,4,0,185.51
2024-06-01,East,Sports,69.11,2,0,138.22
2024-06-01,North,Clothing,32.92,1,20,26.34
2024-06-01,West,Electronics,201.61,3,0,604.82
2024-06-01,South,Electronics,236.02,4,5,896.88
2024-06-01,East,Clothing,31.01,2,0,62.02
2024-06-01,South,Clothing,36.92,3,0,110.76
2024-06-01,South,Home & Garden,61.56,1,10,55.41
2024-06-01,South,Books,20.5,2,0,41.0
2024-06-01,East,Home & Garden,39.96,4,5,151.84
2024-06-01,North,Clothing,31.85,3,0,95.56
2024-06-01,North,Clothing,44.29,1,0,44.29
2024-06-01,North,Clothing,44.12,4,20,141.17
2024-06-01,West,Sports,50.58,4,10,182.07
2024-06-01,North,Clothing,42.75,3,0,128.24
2024-06-02,North,Home & Garden,105.45,2,0,210.9
2024-06-02,South,Electronics,263.59,3,0,790.76
2024-06-02,West,Home & Garden,71.37,4,0,285.46
2024-06-02,South,Electronics,221.32,1,0,221.32
2024-06-02,West,Clothing,48.55,2,10,87.39
2024-06-02,North,Clothing,44.46,1,0,44.46
2024-06-02,East,Electronics,327.65,1,0,327.65
2024-06-02,South,Home & Garden,74.87,1,0,74.87
2024-06-02,West,Books,18.3,2,0,36.6
2024-06-02,South,Clothing,42.46,3,0,127.38
2024-06-02,North,Home & Garden,115.22,4,20,368.69
2024-06-02,South,Books,19.37,2,0,38.74
2024-06-02,North,Clothing,35.78,4,0,143.13
2024-06-02,North,Electronics,322.4,3,0,967.21
2024-06-02,East,Books,19.11,4,20,61.16
2024-06-02,North,Clothing,47.18,3,0,141.53
2024-06-02,South,Home & Garden,102.13,3,0,306.39
2024-06-02,South,Clothing,42.23,4,0,168.94
2024-06-02,West,Books,11.97,2,0,23.95
2024-06-02,West,Sports,48.97,3,0,146.91
2024-06-02,South,Electronics,205.89,1,0,205.89
2024-06-02,East,Books,18.7,4,0,74.79
2024-06-02,East,Home & Garden,41.23,4,5,156.68
2024-06-03,North,Clothing,46.43,1,0,46.43
2024-06-03,West,Home & Garden,57.43,1,15,48.82
2024-06-03,South,Clothing,59.32,2,0,118.63
2024-06-03,North,Clothing,46.16,1,0,46.16
2024-06-03,West,Books,10.15,4,0,40.6
2024-06-03,South,Clothing,57.35,2,10,103.22
2024-06-03,East,Clothing,31.82,1,0,31.82
2024-06-03,South,Books,23.03,4,0,92.12
2024-06-03,North,Home & Garden,72.12,1,20,57.69
2024-06-04,North,Clothing,30.4,4,10,109.44
2024-06-04,East,Sports,38.07,2,10,68.52
2024-06-04,South,Books,16.1,3,10,43.46
2024-06-04,North,Sports,93.17,3,5,265.54
2024-06-04,North,Electronics,220.03,4,0,880.12
2024-06-04,West,Books,28.15,2,0,56.29
2024-06-04,North,Electronics,178.86,1,15,152.03
2024-06-04,East,Home & Garden,65.64,1,0,65.64
2024-06-04,North,Electronics,219.55,2,0,439.1
2024-06-04,East,Sports,26.74,2,0,53.47
2024-06-04,West,Electronics,199.58,3,5,568.79
2024-06-04,South,Clothing,44.13,1,0,44.13
2024-06-04,West,Home & Garden,85.76,1,0,85.76
2024-06-04,North,Home & Garden,87.18,2,0,174.35
2024-06-04,West,Clothing,17.85,1,0,17.85
2024-06-04,South,Clothing,50.15,2,0,100.31
2024-06-04,South,Sports,62.73,4,5,238.36
2024-06-04,East,Sports,64.42,3,10,173.92
2024-06-04,North,Sports,73.38,4,0,293.53
2024-06-04,North,Sports,63.27,3,0,189.82
2024-06-05,South,Sports,73.96,2,0,147.93
2024-06-05,North,Clothing,65.37,4,0,261.47
2024-06-05,East,Clothing,41.0,1,0,41.0
2024-06-05,West,Home & Garden,38.91,2,10,70.04
2024-06-05,East,Electronics,200.77,4,0,803.07
2024-06-05,North,Clothing,47.55,3,0,142.64
2024-06-05,South,Books,17.38,1,10,15.65
2024-06-05,North,Clothing,36.65,2,0,73.31
2024-06-05,South,Sports,70.09,4,0,280.37
2024-06-05,East,Home & Garden,56.43,2,0,112.86
2024-06-05,East,Clothing,43.41,3,0,130.23
2024-06-05,North,Electronics,411.98,1,0,411.98
2024-06-05,South,Books,15.64,3,15,39.87
2024-06-05,West,Books,15.4,1,0,15.4
2024-06-05,West,Sports,65.77,4,20,210.45
2024-06-05,South,Electronics,140.32,3,0,420.95
2024-06-05,South,Clothing,58.63,2,0,117.26
2024-06-05,North,Clothing,39.31,4,0,157.25
2024-06-05,West,Electronics,300.67,3,15,766.71
2024-06-05,West,Clothing,64.73,1,0,64.73
2024-06-05,West,Electronics,223.66,4,0,894.63
2024-06-05,East,Electronics,329.51,2,0,659.02
2024-06-05,South,Home & Garden,37.66,3,20,90.39
2024-06-05,North,Clothing,59.02,2,10,106.23
2024-06-05,North,Electronics,252.89,3,0,758.66
2024-06-05,East,Electronics,296.81,2,20,474.89
2024-06-05,East,Electronics,230.87,2,20,369.4
2024-06-05,South,Clothing,40.73,1,0,40.73
2024-06-06,West,Books,8.54,3,0,25.63
2024-06-06,South,Electronics,180.72,1,0,180.72
2024-06-06,North,Clothing,40.65,3,10,109.75
2024-06-06,East,Electronics,249.58,3,0,748.74
2024-06-06,East,Books,15.87,4,0,63.47
2024-06-06,West,Books,18.04,1,0,18.04
2024-06-06,North,Clothing,54.19,2,10,97.54
2024-06-06,East,Home & Garden,70.45,4,0,281.8
2024-06-06,West,Books,19.27,1,15,16.38
2024-06-06,West,Home & Garden,77.57,1,5,73.69
2024-06-06,South,Home & Garden,82.66,3,0,247.99
2024-06-06,South,Clothing,67.16,4,0,268.64
2024-06-07,South,Home & Garden,48.56,2,0,97.11
2024-06-07,East,Home & Garden,73.85,4,0,295.4
2024-06-07,South,Electronics,288.79,2,0,577.59
2024-06-07,South,Home & Garden,51.47,2,0,102.93
2024-06-07,West,Books,18.71,4,0,74.82
2024-06-07,North,Home & Garden,70.06,2,0,140.12
2024-06-07,South,Books,20.99,2,0,41.98
2024-06-07,North,Clothing,47.26,4,20,151.23
2024-06-07,North,Sports,51.37,2,20,82.2
2024-06-07,East,Clothing,44.87,3,15,114.41
2024-06-07,North,Electronics,312.48,3,0,937.43
2024-06-07,East,Clothing,54.86,3,0,164.58
2024-06-07,West,Sports,43.27,4,0,173.09
2024-06-07,South,Electronics,232.61,4,0,930.42
2024-06-07,East,Clothing,44.18,4,10,159.06
2024-06-07,South,Electronics,196.88,1,20,157.5
2024-06-07,West,Sports,51.76,4,15,175.99
2024-06-07,East,Clothing,38.31,1,5,36.4
2024-06-08,West,Clothing,47.63,1,15,40.48
2024-06-08,East,Clothing,37.98,4,0,151.93
2024-06-08,East,Electronics,237.21,3,5,676.04
2024-06-08,South,Electronics,225.84,2,0,451.69
2024-06-08,West,Electronics,230.27,3,15,587.18
2024-06-08,North,Clothing,44.74,2,0,89.48
2024-06-08,North,Home & Garden,65.77,1,0,65.77
2024-06-08,West,Clothing,51.7,1,10,46.53
2024-06-08,West,Clothing,60.72,2,15,103.22
2024-06-08,North,Clothing,48.72,2,0,97.44
2024-06-08,North,Electronics,219.89,1,5,208.9
2024-06-08,North,Sports,63.64,1,0,63.64
2024-06-08,East,Books,24.19,2,0,48.37
2024-06-08,West,Electronics,260.42,3,0,781.27
2024-06-08,East,Electronics,155.59,3,0,466.77
2024-06-08,North,Books,16.56,2,0,33.12
2024-06-08,North,Home & Garden,62.89,2,0,125.77
2024-06-08,West,Sports,46.91,4,0,187.65
2024-06-08,West,Clothing,28.84,4,0,115.36
2024-06-08,North,Books,22.75,4,0,91.0
2024-06-08,North,Home & Garden,87.92,1,5,83.52
2024-06-08,North,Electronics,256.65,4,0,1026.62
2024-06-08,North,Electronics,184.64,2,0,369.29
2024-06-08,North,Sports,56.87,3,0,170.6
2024-06-08,East,Books,18.6,1,0,18.6
2024-06-08,North,Home & Garden,69.42,4,0,277.66
2024-06-08,South,Clothing,52.74,3,0,158.22
2024-06-08,South,Electronics,228.3,3,0,684.91
2024-06-08,South,Sports,75.49,2,0,150.99
2024-06-08,North,Electronics,163.99,3,0,491.97
2024-06-09,East,Electronics,268.08,4,0,1072.33
2024-06-09,North,Electronics,239.36,2,5,454.79
2024-06-09,West,Clothing,46.03,1,0,46.03
2024-06-09,South,Clothing,53.38,2,0,106.77
2024-06-09,North,Sports,76.34,4,0,305.36
2024-06-09,South,Home & Garden,87.64,3,10,236.63
2024-06-09,North,Sports,63.58,4,0,254.32
2024-06-09,South,Sports,43.9,1,5,41.71
2024-06-09,West,Clothing,38.31,2,0,76.62
2024-06-09,West,Sports,53.66,4,10,193.18
2024-06-09,East,Clothing,45.57,3,0,136.72
2024-06-09,East,Clothing,47.36,1,10,42.63
2024-06-09,North,Clothing,44.37,1,5,42.15
2024-06-09,North,Books,19.61,2,0,39.21
2024-06-09,West,Books,17.71,1,0,17.71
2024-06-09,South,Home & Garden,84.51,3,0,253.52
2024-06-09,West,Electronics,297.7,4,0,1190.79
2024-06-09,East,Home & Garden,98.45,2,0,196.9
2024-06-09,South,Sports,62.47,2,0,124.94
2024-06-09,East,Electronics,264.05,2,0,528.09
2024-06-09,North,Sports,46.83,2,0,93.66
2024-06-09,East,Sports,45.23,4,0,180.9
2024-06-09,North,Electronics,171.24,4,0,684.96
2024-06-09,South,Electronics,273.64,2,0,547.29
2024-06-09,South,Sports,57.2,2,0,114.4
2024-06-10,South,Electronics,385.7,3,15,983.53
2024-06-10,North,Books,21.54,1,0,21.54
2024-06-10,East,Home & Garden,73.22,2,0,146.44
2024-06-10,East,Electronics,329.44,2,0,658.88
2024-06-10,South,Clothing,41.32,1,0,41.32
2024-06-10,South,Home & Garden,87.54,3,10,236.37
2024-06-10,North,Books,14.84,2,0,29.68
2024-06-10,West,Electronics,176.44,1,0,176.44
2024-06-10,North,Electronics,347.65,2,0,695.29
2024-06-10,West,Clothing,45.18,4,0,180.73
2024-06-10,West,Clothing,50.95,3,0,152.86
2024-06-10,East,Electronics,168.31,2,0,336.61
2024-06-10,North,Sports,62.79,4,0,251.16
2024-06-10,North,Clothing,30.22,4,0,120.87
2024-06-10,West,Sports,63.97,4,0,255.87
2024-06-10,East,Clothing,45.37,4,10,163.33
2024-06-10,East,Clothing,40.69,4,0,162.77
2024-06-10,East,Home & Garden,86.3,4,10,310.68
2024-06-11,East,Electronics,289.01,2,0,578.01
2024-06-11,West,Electronics,272.66,4,0,1090.64
2024-06-11,West,Electronics,322.67,1,0,322.67
2024-06-11,North,Books,20.3,4,0,81.2
2024-06-11,South,Electronics,239.22,4,5,909.02
2024-06-11,East,Electronics,170.16,1,0,170.16
2024-06-11,North,Electronics,306.93,2,5,583.17
2024-06-11,South,Clothing,46.89,4,10,168.8
2024-06-11,East,Home & Garden,72.1,1,0,72.1
2024-06-11,South,Home & Garden,54.59,2,0,109.18
2024-06-12,North,Electronics,310.2,3,5,884.07
2024-06-12,West,Books,25.11,3,5,71.57
2024-06-12,East,Clothing,48.41,3,0,145.22
2024-06-12,South,Clothing,53.59,4,0,214.38
2024-06-12,North,Sports,54.14,3,0,162.43
2024-06-12,West,Books,18.16,2,10,32.69
2024-06-12,North,Books,23.83,4,0,95.32
2024-06-12,West,Clothing,23.48,3,0,70.44
2024-06-12,West,Books,28.89,4,0,115.55
2024-06-12,North,Clothing,53.81,1,0,53.81
2024-06-12,North,Home & Garden,98.48,2,10,177.26
2024-06-12,West,Home & Garden,102.09,1,5,96.99
2024-06-12,North,Books,19.36,4,0,77.46
2024-06-12,West,Clothing,39.66,1,0,39.66
2024-06-12,South,Sports,50.22,3,0,150.65
2024-06-12,South,Home & Garden,74.78,1,5,71.04
2024-06-12,South,Home & Garden,80.19,3,0,240.57
2024-06-12,West,Books,20.38,1,0,20.38
2024-06-12,North,Books,11.15,2,0,22.31
2024-06-12,East,Electronics,331.08,3,0,993.24
2024-06-12,North,Sports,58.81,2,0,117.62
2024-06-12,North,Clothing,43.83,4,5,166.54
2024-06-13,West,Clothing,59.49,1,0,59.49
2024-06-13,South,Clothing,39.83,1,0,39.83
2024-06-13,South,Home & Garden,58.73,3,5,167.39
2024-06-13,East,Books,27.08,1,0,27.08
2024-06-13,East,Home & Garden,100.42,3,10,271.13
2024-06-13,East,Electronics,294.27,2,0,588.53
2024-06-13,East,Sports,71.64,1,0,71.64
2024-06-13,East,Electronics,243.67,1,10,219.3
2024-06-13,West,Home & Garden,53.32,3,0,159.95
2024-06-13,North,Clothing,36.17,4,0,144.66
2024-06-13,East,Books,29.74,4,10,107.08
2024-06-14,North,Home & Garden,84.4,2,0,168.8
2024-06-14,West,Clothing,45.42,3,0,136.26
2024-06-14,North,Electronics,231.21,3,10,624.28
2024-06-14,East,Clothing,39.97,4,0,159.89
2024-06-14,South,Clothing,41.38,3,5,117.94
2024-06-14,East,Home & Garden,74.28,2,0,148.57
2024-06-14,North,Clothing,43.58,2,0,87.17
2024-06-14,North,Sports,43.9,3,20,105.37
2024-06-15,West,Books,23.09,4,15,78.52
2024-06-15,North,Clothing,57.66,3,5,164.32
2024-06-15,West,Sports,65.71,4,0,262.83
2024-06-15,West,Clothing,52.77,1,10,47.49
2024-06-15,East,Clothing,26.22,3,0,78.66
2024-06-15,East,Books,23.56,1,0,23.56
2024-06-15,South,Clothing,47.58,1,0,47.58
2024-06-15,North,Home & Garden,65.51,4,5,248.95
2024-06-15,North,Electronics,206.87,2,0,413.75
2024-06-15,North,Clothing,43.75,4,0,175.01
2024-06-15,West,Clothing,60.58,4,0,242.3
2024-06-15,South,Electronics,265.75,4,5,1009.86
2024-06-15,East,Books,29.97,2,0,59.94
2024-06-15,North,Electronics,277.78,1,0,277.78
2024-06-15,South,Electronics,235.83,4,0,943.33
2024-06-15,South,Clothing,52.3,4,0,209.21
2024-06-15,South,Electronics,220.74,1,20,176.59
2024-06-15,West,Books,25.12,3,20,60.3
2024-06-15,West,Electronics,279.93,3,0,839.78
2024-06-15,South,Home & Garden,79.46,4,5,301.93
2024-06-15,East,Books,16.33,1,20,13.06
2024-06-15,West,Books,23.91,1,15,20.32
2024-06-16,West,Books,22.63,2,10,40.73
2024-06-16,North,Clothing,18.13,1,0,18.13
2024-06-16,East,Electronics,204.55,3,15,521.6
2024-06-16,East,Electronics,240.61,1,0,240.61
2024-06-16,West,Sports,48.44,2,15,82.35
2024-06-16,East,Sports,82.81,4,5,314.68
2024-06-16,West,Electronics,217.79,4,15,740.47
2024-06-16,West,Electronics,251.66,1,0,251.66
2024-06-16,West,Sports,56.52,2,10,101.74
2024-06-16,North,Electronics,228.62,4,20,731.6
2024-06-16,South,Sports,59.7,2,0,119.4
2024-06-16,East,Clothing,28.47,3,0,85.4
2024-06-16,South,Books,19.9,1,0,19.9
2024-06-16,East,Electronics,205.4,4,10,739.43
2024-06-16,South,Clothing,31.21,4,10,112.37
2024-06-16,South,Home & Garden,87.6,4,0,350.42
2024-06-16,East,Home & Garden,65.16,1,0,65.16
2024-06-16,West,Home & Garden,72.36,4,0,289.46
2024-06-16,South,Home & Garden,78.96,1,0,78.96
2024-06-16,North,Clothing,36.92,3,10,99.68
2024-06-16,East,Clothing,58.18,4,0,232.7
2024-06-16,North,Electronics,256.72,1,0,256.72
2024-06-16,North,Clothing,44.46,2,20,71.14
2024-06-16,West,Electronics,213.59,2,0,427.17
2024-06-16,East,Electronics,264.16,3,0,792.48
2024-06-16,North,Electronics,331.12,1,0,331.12
2024-06-17,North,Sports,66.05,2,20,105.68
2024-06-17,East,Home & Garden,90.21,2,10,162.37
2024-06-17,East,Home & Garden,100.17,3,20,240.4
2024-06-17,North,Books,20.47,1,10,18.42
2024-06-17,South,Clothing,43.98,1,0,43.98
2024-06-17,West,Electronics,311.93,1,0,311.93
2024-06-17,West,Sports,68.94,2,0,137.88
2024-06-17,North,Books,15.25,2,0,30.5
2024-06-17,East,Home & Garden,95.05,4,10,342.2
2024-06-17,West,Sports,71.75,3,0,215.25
2024-06-17,West,Home & Garden,84.47,2,0,168.94
2024-06-17,West,Sports,37.74,2,0,75.48
2024-06-18,West,Sports,50.39,1,0,50.39
2024-06-18,South,Electronics,318.16,1,0,318.16
2024-06-18,East,Clothing,57.03,4,0,228.13
2024-06-18,North,Books,19.98,1,0,19.98
2024-06-18,East,Clothing,45.8,2,0,91.61
2024-06-18,South,Home & Garden,101.57,2,0,203.14
2024-06-18,South,Sports,58.04,3,0,174.12
2024-06-18,South,Sports,66.92,3,0,200.76
2024-06-18,South,Electronics,171.96,4,0,687.83
2024-06-18,East,Home & Garden,70.14,1,0,70.14
2024-06-18,West,Home & Garden,47.26,2,10,85.08
2024-06-18,West,Home & Garden,130.47,1,0,130.47
2024-06-18,South,Home & Garden,102.88,4,0,411.53
2024-06-18,South,Home & Garden,48.43,4,10,174.36
2024-06-18,East,Home & Garden,89.55,3,0,268.66
2024-06-18,West,Home & Garden,61.65,2,10,110.98
2024-06-18,South,Books,26.39,2,0,52.78
2024-06-19,South,Clothing,49.4,4,0,197.61
2024-06-19,South,Sports,96.39,1,0,96.39
2024-06-19,North,Home & Garden,87.37,2,0,174.73
2024-06-19,South,Books,17.05,4,5,64.8
2024-06-19,South,Electronics,118.88,1,10,106.99
2024-06-19,South,Home & Garden,90.2,4,0,360.79
2024-06-19,East,Books,23.59,1,10,21.23
2024-06-19,West,Books,12.72,1,15,10.81
2024-06-19,West,Home & Garden,122.08,3,15,311.29
2024-06-19,South,Clothing,61.49,3,0,184.47
2024-06-19,North,Books,25.46,4,0,101.85
2024-06-19,East,Books,11.2,1,0,11.2
2024-06-19,South,Home & Garden,89.68,2,0,179.37
2024-06-19,South,Electronics,167.18,4,0,668.71
2024-06-19,East,Electronics,381.57,4,0,1526.27
2024-06-19,North,Clothing,36.77,4,0,147.1
2024-06-19,South,Books,12.4,1,10,11.16
2024-06-19,South,Home & Garden,73.91,1,5,70.22
2024-06-19,South,Books,26.54,3,0,79.61
2024-06-20,South,Electronics,333.92,2,10,601.05
2024-06-20,South,Electronics,272.35,3,0,817.05
2024-06-20,West,Sports,48.62,2,0,97.24
2024-06-20,East,Electronics,288.9,3,0,866.7
2024-06-20,West,Clothing,33.68,1,0,33.68
2024-06-20,North,Books,21.01,1,0,21.01
2024-06-20,North,Clothing,40.96,1,0,40.96
2024-06-20,West,Electronics,168.72,1,0,168.72
2024-06-20,West,Home & Garden,87.07,1,15,74.01
2024-06-20,South,Electronics,166.45,3,0,499.35
2024-06-20,West,Books,18.3,4,0,73.2
2024-06-20,West,Electronics,372.06,4,0,1488.24
2024-06-20,North,Electronics,183.15,1,0,183.15
2024-06-21,North,Clothing,42.45,1,0,42.45
2024-06-21,North,Electronics,268.74,3,15,685.28
2024-06-21,South,Sports,35.17,1,5,33.41
2024-06-21,South,Sports,85.74,3,0,257.21
2024-06-21,North,Electronics,255.83,4,0,1023.33
2024-06-21,West,Clothing,42.89,2,0,85.78
2024-06-21,West,Clothing,33.31,2,0,66.63
2024-06-21,West,Sports,53.82,4,0,215.29
2024-06-21,North,Books,25.24,4,0,100.97
2024-06-21,North,Books,19.6,2,0,39.2
2024-06-21,South,Electronics,211.77,4,5,804.74
2024-06-22,East,Books,21.81,2,0,43.63
2024-06-22,South,Clothing,57.64,3,0,172.93
2024-06-22,South,Sports,32.01,3,10,86.42
2024-06-22,North,Books,16.2,1,0,16.2
2024-06-22,North,Electronics,354.43,1,0,354.43
2024-06-22,North,Clothing,69.8,2,0,139.61
2024-06-22,West,Clothing,41.8,4,0,167.21
2024-06-22,West,Home & Garden,111.36,1,15,94.65
2024-06-22,East,Electronics,339.29,3,0,1017.87
2024-06-22,North,Sports,51.59,2,0,103.18
2024-06-22,South,Sports,47.73,3,5,136.03
2024-06-22,South,Clothing,46.38,2,0,92.77
2024-06-22,North,Electronics,318.74,1,5,302.81
2024-06-22,West,Home & Garden,78.12,1,0,78.12
2024-06-22,North,Sports,61.07,2,0,122.14
2024-06-22,South,Clothing,43.78,4,0,175.1
2024-06-22,South,Home & Garden,83.83,3,0,251.49
2024-06-22,North,Electronics,295.95,1,0,295.95
2024-06-22,South,Electronics,276.34,2,0,552.67
2024-06-22,North,Clothing,33.58,3,0,100.73
2024-06-22,South,Books,19.66,2,5,37.35
2024-06-22,North,Electronics,252.83,4,0,1011.31
2024-06-23,North,Electronics,237.83,2,10,428.09
2024-06-23,East,Home & Garden,73.89,1,0,73.89
2024-06-23,West,Books,22.77,4,0,91.09
2024-06-23,North,Clothing,30.03,2,0,60.06
2024-06-23,North,Clothing,40.95,4,0,163.8
2024-06-23,West,Electronics,376.95,4,10,1357.01
2024-06-23,North,Home & Garden,56.49,3,0,169.48
2024-06-23,East,Clothing,37.41,4,0,149.65
2024-06-23,South,Home & Garden,66.21,1,0,66.21
2024-06-23,West,Electronics,246.67,1,0,246.67
2024-06-23,South,Home & Garden,88.47,2,0,176.95
2024-06-23,South,Clothing,38.66,1,10,34.8
2024-06-23,East,Books,20.67,1,0,20.67
2024-06-23,North,Clothing,38.12,2,0,76.24
2024-06-23,North,Home & Garden,102.89,4,5,390.99
2024-06-23,South,Books,19.49,2,0,38.99
2024-06-23,East,Electronics,299.48,2,0,598.97
2024-06-23,North,Books,17.14,4,0,68.56
2024-06-23,West,Sports,65.14,3,0,195.43
2024-06-23,South,Sports,50.29,1,0,50.29
2024-06-23,North,Home & Garden,63.5,3,0,190.5
2024-06-24,North,Clothing,31.49,3,0,94.47
2024-06-24,North,Home & Garden,68.93,4,0,275.72
2024-06-24,West,Sports,67.18,2,5,127.65
2024-06-24,South,Clothing,35.72,4,0,142.87
2024-06-24,North,Home & Garden,80.93,2,0,161.86
2024-06-24,East,Clothing,28.2,3,0,84.6
2024-06-24,North,Home & Garden,81.13,3,0,243.4
2024-06-24,North,Clothing,47.29,4,0,189.16
2024-06-24,North,Clothing,29.13,1,0,29.13
2024-06-24,South,Sports,52.19,1,0,52.19
2024-06-24,West,Clothing,49.22,1,0,49.22
2024-06-24,South,Home & Garden,69.55,1,0,69.55
2024-06-24,South,Books,12.74,2,0,25.49
2024-06-24,North,Electronics,314.34,3,0,943.01
2024-06-24,South,Home & Garden,70.57,4,0,282.27
2024-06-24,North,Clothing,58.22,3,20,139.72
2024-06-24,West,Clothing,23.86,2,0,47.72
2024-06-24,West,Electronics,282.14,2,20,451.43
2024-06-25,South,Home & Garden,69.62,1,5,66.14
2024-06-25,East,Books,17.02,1,0,17.02
2024-06-25,North,Clothing,50.95,4,0,203.79
2024-06-25,South,Home & Garden,62.01,2,5,117.81
2024-06-25,East,Clothing,38.56,4,0,154.23
2024-06-25,South,Sports,56.07,4,0,224.28
2024-06-25,South,Electronics,104.0,1,15,88.4
2024-06-25,West,Books,28.4,1,5,26.98
2024-06-25,South,Clothing,18.63,1,20,14.9
2024-06-25,South,Sports,76.13,3,0,228.39
2024-06-25,East,Electronics,319.41,1,0,319.41
2024-06-25,South,Books,12.23,1,10,11.01
2024-06-25,North,Home & Garden,77.58,4,15,263.77
2024-06-26,West,Home & Garden,86.93,3,0,260.8
2024-06-26,South,Clothing,41.21,4,5,156.59
2024-06-26,East,Electronics,234.9,2,0,469.79
2024-06-26,South,Clothing,48.91,2,0,97.82
2024-06-26,North,Books,28.38,2,0,56.76
2024-06-26,East,Electronics,295.38,4,0,1181.51
2024-06-26,North,Sports,37.44,3,0,112.32
2024-06-26,West,Electronics,206.03,3,0,618.09
2024-06-26,North,Home & Garden,79.85,1,0,79.85
2024-06-26,East,Books,18.44,2,0,36.88
2024-06-26,West,Clothing,53.08,4,0,212.31
2024-06-26,East,Books,18.32,3,0,54.97
2024-06-26,West,Clothing,50.22,4,0,200.87
2024-06-26,West,Home & Garden,56.65,1,10,50.98
2024-06-26,East,Sports,63.23,4,15,214.99
2024-06-26,East,Home & Garden,76.68,2,0,153.36
2024-06-26,North,Clothing,55.64,1,0,55.64
2024-06-26,South,Electronics,245.04,2,15,416.56
2024-06-26,South,Clothing,46.54,2,0,93.09
2024-06-26,North,Clothing,60.81,2,0,121.63
2024-06-27,East,Clothing,31.99,3,0,95.98
2024-06-27,North,Home & Garden,57.82,2,0,115.65
2024-06-27,East,Electronics,223.07,2,0,446.13
2024-06-27,East,Home & Garden,30.13,2,5,57.25
2024-06-27,West,Home & Garden,66.81,4,15,227.15
2024-06-27,South,Electronics,260.66,2,0,521.31
2024-06-27,East,Clothing,45.58,4,10,164.07
2024-06-27,North,Clothing,31.18,3,0,93.54
2024-06-27,South,Clothing,27.89,1,0,27.89
2024-06-27,North,Books,21.92,2,10,39.46
2024-06-27,North,Home & Garden,54.85,1,0,54.85
2024-06-27,West,Sports,62.74,1,0,62.74
2024-06-27,West,Home & Garden,94.15,4,0,376.61
2024-06-27,North,Home & Garden,90.13,2,0,180.26
2024-06-27,North,Sports,69.06,1,0,69.06
2024-06-27,North,Clothing,45.7,3,5,130.24
2024-06-27,East,Sports,79.48,1,5,75.5
2024-06-27,South,Sports,43.69,2,0,87.38
2024-06-27,West,Clothing,33.49,2,10,60.27
2024-06-27,South,Home & Garden,108.43,4,0,433.74
2024-06-27,South,Electronics,310.43,1,0,310.43
2024-06-27,North,Home & Garden,65.54,4,0,262.15
2024-06-28,East,Electronics,257.47,4,0,1029.86
2024-06-28,South,Clothing,58.38,4,0,233.51
2024-06-28,North,Home & Garden,89.06,4,0,356.23
2024-06-28,West,Books,18.67,2,0,37.34
2024-06-28,North,Electronics,303.67,1,15,258.12
2024-06-28,East,Sports,72.79,4,10,262.03
2024-06-28,South,Clothing,57.51,1,0,57.51
2024-06-28,East,Sports,51.73,1,0,51.73
2024-06-28,North,Sports,49.57,2,0,99.13
2024-06-28,North,Books,15.72,2,0,31.45
2024-06-28,West,Home & Garden,75.69,2,20,121.1
2024-06-28,North,Clothing,48.02,4,5,182.46
2024-06-28,East,Books,13.48,1,10,12.14
2024-06-29,North,Home & Garden,70.97,2,0,141.93
2024-06-29,East,Home & Garden,73.11,4,0,292.43
2024-06-29,East,Home & Garden,67.27,2,0,134.55
2024-06-29,West,Home & Garden,67.23,4,5,255.49
2024-06-29,North,Home & Garden,96.33,3,0,288.99
2024-06-29,East,Sports,47.42,2,20,75.87
2024-06-29,South,Clothing,30.26,3,20,72.63
2024-06-29,South,Clothing,49.38,1,10,44.44
2024-06-29,South,Sports,66.55,2,10,119.79
2024-06-29,West,Electronics,175.22,1,0,175.22
2024-06-29,North,Books,7.85,4,0,31.4
2024-06-29,North,Sports,56.2,4,0,224.81
2024-06-29,North,Clothing,63.21,1,15,53.73
2024-06-29,West,Sports,54.25,3,0,162.75
2024-06-29,East,Sports,55.09,3,5,156.99
2024-06-29,North,Clothing,28.36,3,0,85.07
2024-06-29,East,Clothing,34.66,4,10,124.76
2024-06-29,South,Electronics,215.24,3,0,645.72
2024-06-29,South,Home & Garden,82.98,1,15,70.53
2024-06-29,West,Clothing,53.96,1,0,53.96
2024-06-29,North,Home & Garden,83.33,3,5,237.48
2024-06-29,East,Sports,64.42,1,5,61.2
2024-06-29,North,Home & Garden,76.09,2,0,152.17
2024-06-29,South,Books,24.33,1,0,24.33
2024-06-30,West,Clothing,61.59,2,0,123.18
2024-06-30,South,Electronics,326.79,1,0,326.79
2024-06-30,North,Sports,93.03,4,0,372.13
2024-06-30,West,Electronics,206.74,2,0,413.48
2024-06-30,East,Electronics,330.64,3,0,991.91
2024-06-30,West,Electronics,361.53,3,0,1084.6
2024-06-30,South,Electronics,239.66,2,15,407.42
2024-06-30,South,Home & Garden,53.37,2,5,101.4
2024-06-30,West,Clothing,36.56,2,5,69.46
2024-06-30,West,Home & Garden,110.24,1,10,99.22
2024-06-30,South,Electronics,240.38,1,0,240.38
2024-06-30,West,Clothing,53.69,3,20,128.86
2024-06-30,East,Clothing,42.54,2,0,85.08
2024-06-30,North,Clothing,36.95,2,10,66.5
2024-06-30,South,Home & Garden,81.7,1,0,81.7
2024-06-30,North,Clothing,42.98,3,15,109.59
2024-06-30,South,Electronics,233.42,4,0,933.69
2024-06-30,North,Books,21.47,2,5,40.8
2024-06-30,South,Sports,50.3,1,0,50.3
2024-06-30,South,Clothing,29.23,3,0,87.68
2024-06-30,North,Home & Garden,76.13,2,10,137.03
2024-06-30,North,Electronics,137.93,2,0,275.86
2024-06-30,East,Electronics,246.98,3,0,740.94
2024-06-30,West,Books,17.91,2,0,35.82
2024-06-30,East,Books,18.56,1,0,18.56
2024-06-30,East,Books,21.76,1,10,19.58
2024-06-30,West,Home & Garden,107.52,1,0,107.52
2024-06-30,North,Sports,53.49,4,0,213.97
2024-07-01,South,Clothing,24.41,3,10,65.91
2024-07-01,East,Books,14.55,3,0,43.66
2024-07-01,North,Electronics,160.34,1,0,160.34
2024-07-01,South,Electronics,190.41,4,0,761.64
2024-07-01,North,Electronics,278.24,1,0,278.24
2024-07-01,North,Clothing,27.84,4,0,111.35
2024-07-01,West,Home & Garden,91.04,1,10,81.94
2024-07-01,South,Clothing,46.04,3,10,124.31
2024-07-01,South,Clothing,41.8,4,0,167.2
2024-07-01,North,Electronics,250.2,4,0,1000.8
2024-07-01,North,Clothing,39.1,1,0,39.1
2024-07-01,South,Home & Garden,103.46,1,5,98.29
2024-07-01,East,Clothing,45.01,3,10,121.53
2024-07-01,North,Electronics,179.99,4,0,719.95
2024-07-01,South,Electronics,204.16,1,15,173.54
2024-07-01,North,Electronics,297.57,1,0,297.57
2024-07-01,South,Electronics,291.99,3,0,875.98
2024-07-01,West,Sports,53.48,3,0,160.44
2024-07-01,North,Books,12.52,3,0,37.57
2024-07-01,South,Electronics,295.96,3,0,887.88
2024-07-01,North,Books,18.36,1,0,18.36
2024-07-02,South,Clothing,32.96,4,0,131.84
2024-07-02,North,Electronics,266.7,2,0,533.39
2024-07-02,East,Books,18.33,1,0,18.33
2024-07-02,West,Electronics,201.49,4,0,805.96
2024-07-02,South,Electronics,338.74,2,0,677.48
2024-07-02,North,Clothing,48.04,4,0,192.17
2024-07-02,South,Clothing,51.87,4,0,207.48
2024-07-02,North,Clothing,48.92,2,10,88.05
2024-07-02,South,Sports,54.5,2,0,109.0
2024-07-02,North,Books,18.27,1,0,18.27
2024-07-02,South,Books,25.68,2,0,51.37
2024-07-02,North,Home & Garden,63.21,2,0,126.43
2024-07-03,East,Sports,66.01,1,20,52.8
2024-07-03,North,Sports,63.63,1,20,50.91
2024-07-03,North,Clothing,45.41,4,10,163.46
2024-07-03,East,Home & Garden,65.64,3,20,157.54
2024-07-03,North,Home & Garden,118.59,2,0,237.17
2024-07-03,North,Home & Garden,77.94,2,5,148.09
2024-07-03,East,Clothing,43.73,3,0,131.2
2024-07-03,South,Books,25.26,4,0,101.05
2024-07-03,South,Sports,33.07,2,0,66.15
2024-07-03,East,Electronics,336.6,1,0,336.6
2024-07-03,East,Books,21.11,4,20,67.54
2024-07-03,East,Clothing,32.05,2,5,60.9
2024-07-03,West,Sports,54.0,1,0,54.0
2024-07-03,West,Books,19.72,2,0,39.45
2024-07-03,East,Electronics,243.96,3,0,731.89
2024-07-03,East,Books,19.09,1,0,19.09
2024-07-03,North,Electronics,150.92,2,10,271.66
2024-07-03,West,Clothing,49.01,1,0,49.01
2024-07-03,West,Home & Garden,78.61,3,10,212.24
2024-07-03,South,Clothing,46.6,3,20,111.84
2024-07-03,South,Clothing,58.19,4,0,232.75
2024-07-03,North,Home & Garden,78.13,1,5,74.23
2024-07-03,South,Clothing,41.25,3,0,123.75
2024-07-04,South,Clothing,32.46,1,0,32.46
2024-07-04,North,Electronics,281.92,2,15,479.26
2024-07-04,North,Sports,74.08,4,10,266.7
2024-07-04,South,Books,28.02,3,0,84.07
2024-07-04,West,Clothing,40.7,3,0,122.11
2024-07-04,South,Home & Garden,52.8,4,0,211.2
2024-07-04,North,Electronics,236.7,2,5,449.72
2024-07-04,East,Clothing,67.29,2,5,127.86
2024-07-04,North,Clothing,64.62,1,0,64.62
2024-07-04,North,Electronics,392.13,4,0,1568.52
2024-07-04,North,Sports,74.11,3,0,222.32
2024-07-04,West,Clothing,40.05,1,0,40.05
2024-07-04,North,Sports,62.19,4,0,248.78
2024-07-04,East,Clothing,31.71,2,0,63.41
2024-07-04,North,Sports,63.3,4,0,253.21
2024-07-04,East,Clothing,47.99,4,0,191.97
2024-07-04,North,Clothing,52.17,3,0,156.51
2024-07-05,East,Sports,70.52,3,0,211.56
2024-07-05,East,Electronics,295.19,4,15,1003.65
2024-07-05,North,Home & Garden,83.8,1,0,83.8
2024-07-05,West,Electronics,245.89,2,0,491.78
2024-07-05,North,Sports,54.47,1,0,54.47
2024-07-05,South,Clothing,55.64,2,0,111.28
2024-07-05,West,Electronics,229.06,3,0,687.17
2024-07-05,South,Sports,64.66,1,0,64.66
2024-07-05,North,Books,28.41,2,10,51.14
2024-07-05,North,Home & Garden,73.16,1,0,73.16
2024-07-05,South,Clothing,58.6,3,0,175.81
2024-07-05,South,Clothing,57.32,1,0,57.32
2024-07-05,North,Books,18.06,3,5,51.47
2024-07-05,South,Home & Garden,84.45,4,15,287.14
2024-07-05,East,Electronics,359.82,2,10,647.67
2024-07-05,South,Home & Garden,95.49,3,0,286.47
2024-07-05,East,Electronics,260.2,4,0,1040.81
2024-07-06,East,Home & Garden,50.64,2,20,81.03
2024-07-06,East,Electronics,283.03,4,0,1132.13
2024-07-06,West,Electronics,217.9,1,15,185.22
2024-07-06,South,Home & Garden,116.29,4,0,465.14
2024-07-06,North,Books,14.15,3,0,42.44
2024-07-06,North,Clothing,65.38,4,10,235.37
2024-07-06,South,Home & Garden,56.12,2,0,112.24
2024-07-06,South,Sports,68.0,4,5,258.42
2024-07-06,North,Clothing,28.64,4,15,97.36
2024-07-06,North,Electronics,332.7,4,0,1330.81
2024-07-06,East,Clothing,53.27,2,0,106.54
2024-07-06,South,Clothing,54.31,2,20,86.9
2024-07-06,South,Sports,72.65,4,0,290.61
2024-07-06,North,Electronics,251.21,4,15,854.12
2024-07-06,South,Clothing,51.56,3,10,139.2
2024-07-06,South,Clothing,41.08,2,15,69.84
2024-07-06,South,Books,24.97,4,0,99.88
2024-07-06,North,Home & Garden,69.96,2,0,139.91
2024-07-06,South,Electronics,342.79,3,0,1028.38
2024-07-06,South,Books,20.83,2,0,41.65
2024-07-06,South,Sports,49.4,4,0,197.6
2024-07-06,East,Clothing,55.55,1,0,55.55
2024-07-06,North,Books,12.35,2,20,19.76
2024-07-06,North,Books,26.73,1,0,26.73
2024-07-06,South,Books,21.87,3,0,65.6
2024-07-06,North,Clothing,41.68,1,0,41.68
2024-07-06,East,Clothing,52.49,2,0,104.98
2024-07-06,West,Home & Garden,62.7,3,15,159.89
2024-07-07,North,Books,26.38,2,0,52.75
2024-07-07,East,Clothing,27.04,3,10,73.0
2024-07-07,South,Home & Garden,94.81,1,0,94.81
2024-07-07,East,Sports,45.93,4,0,183.72
2024-07-07,South,Books,27.99,1,0,27.99
2024-07-07,West,Sports,76.73,2,0,153.46
2024-07-07,South,Sports,55.59,3,20,133.42
2024-07-07,East,Sports,71.79,4,5,272.8
2024-07-07,East,Clothing,32.07,4,0,128.29
2024-07-07,North,Clothing,50.97,3,5,145.27
2024-07-07,South,Electronics,202.17,2,0,404.34
2024-07-07,West,Electronics,234.86,3,0,704.57
2024-07-07,West,Clothing,38.37,2,0,76.73
2024-07-07,South,Clothing,48.19,4,0,192.75
2024-07-07,North,Electronics,255.61,4,0,1022.43
2024-07-07,South,Clothing,43.33,3,0,130.0
2024-07-07,North,Clothing,35.03,4,0,140.1
2024-07-07,East,Home & Garden,49.84,4,0,199.37
2024-07-07,West,Home & Garden,71.59,2,0,143.17
2024-07-07,West,Clothing,42.98,3,0,128.94
2024-07-07,North,Home & Garden,126.88,4,5,482.15
2024-07-07,North,Electronics,283.41,3,0,850.22
2024-07-07,West,Home & Garden,89.14,4,0,356.56
2024-07-07,North,Books,23.51,4,10,84.63
2024-07-07,West,Home & Garden,106.77,2,0,213.54
2024-07-08,West,Electronics,348.35,2,20,557.35
2024-07-08,South,Home & Garden,73.99,2,0,147.98
2024-07-08,South,Electronics,226.68,1,0,226.68
2024-07-08,West,Sports,43.72,2,0,87.45
2024-07-08,South,Sports,71.72,3,0,215.17
2024-07-08,North,Sports,72.5,3,0,217.49
2024-07-08,West,Clothing,33.83,2,0,67.67
2024-07-08,North,Electronics,215.7,3,5,614.74
2024-07-08,West,Electronics,370.05,3,0,1110.16
2024-07-08,North,Home & Garden,80.96,2,10,145.73
2024-07-08,North,Clothing,43.59,3,20,104.62
2024-07-08,West,Home & Garden,71.56,4,0,286.24
2024-07-08,North,Electronics,341.48,2,0,682.97
2024-07-08,North,Electronics,332.15,2,20,531.44
2024-07-09,East,Books,20.55,2,0,41.11
2024-07-09,South,Home & Garden,51.47,3,0,154.41
2024-07-09,South,Electronics,228.93,4,0,915.71
2024-07-09,East,Clothing,43.52,3,15,110.97
2024-07-09,South,Home & Garden,114.89,4,0,459.56
2024-07-09,South,Electronics,246.16,2,0,492.33
2024-07-09,North,Clothing,59.64,2,10,107.34
2024-07-09,West,Sports,60.88,4,0,243.53
2024-07-09,West,Clothing,49.93,4,0,199.71
2024-07-09,North,Clothing,44.98,1,0,44.98
2024-07-09,North,Clothing,76.51,4,0,306.04
2024-07-10,East,Sports,67.37,3,0,202.11
2024-07-10,North,Electronics,299.51,3,0,898.53
2024-07-10,East,Home & Garden,85.04,2,20,136.07
2024-07-10,East,Home & Garden,117.75,2,5,223.73
2024-07-10,North,Sports,41.61,4,0,166.44
2024-07-10,North,Books,15.48,3,10,41.79
2024-07-10,East,Clothing,35.82,1,5,34.03
2024-07-10,South,Sports,67.62,2,0,135.25
2024-07-10,North,Books,17.08,4,0,68.32
2024-07-10,West,Electronics,265.33,2,0,530.66
2024-07-10,East,Clothing,32.38,2,0,64.76
2024-07-10,South,Sports,58.78,4,0,235.14
2024-07-10,West,Clothing,21.76,4,0,87.04
2024-07-10,North,Clothing,33.71,3,0,101.13
2024-07-10,West,Electronics,157.35,2,0,314.69
2024-07-11,North,Clothing,55.74,1,0,55.74
2024-07-11,East,Electronics,272.98,3,0,818.94
2024-07-11,South,Books,20.65,4,0,82.6
2024-07-11,West,Books,12.48,1,10,11.23
2024-07-11,East,Electronics,373.71,3,0,1121.13
2024-07-11,West,Electronics,231.88,3,0,695.64
2024-07-11,North,Books,20.58,3,5,58.64
2024-07-11,South,Sports,40.32,2,5,76.62
2024-07-11,East,Books,21.46,2,20,34.33
2024-07-11,West,Electronics,298.28,3,15,760.62
2024-07-11,South,Clothing,31.87,3,0,95.62
2024-07-11,South,Clothing,22.33,2,0,44.66
2024-07-11,East,Books,20.5,4,0,82.0
2024-07-11,South,Electronics,284.05,2,0,568.1
2024-07-11,North,Electronics,365.94,1,0,365.94
2024-07-12,West,Clothing,49.26,3,5,140.38
2024-07-12,North,Home & Garden,92.19,1,0,92.19
2024-07-12,East,Clothing,48.16,2,0,96.31
2024-07-12,South,Sports,62.03,4,0,248.12
2024-07-12,West,Clothing,28.72,4,0,114.88
2024-07-12,North,Electronics,387.34,4,10,1394.43
2024-07-12,East,Books,26.01,1,0,26.01
2024-07-12,East,Home & Garden,90.95,2,0,181.9
2024-07-12,East,Electronics,295.35,4,0,1181.4
2024-07-12,South,Books,20.15,2,10,36.27
2024-07-12,North,Sports,60.98,3,0,182.95
2024-07-12,South,Clothing,39.54,4,10,142.36
2024-07-12,South,Sports,35.46,3,0,106.37
2024-07-12,East,Home & Garden,81.4,4,10,293.03
2024-07-12,North,Clothing,58.22,1,0,58.22
2024-07-13,East,Home & Garden,32.83,2,0,65.66
2024-07-13,West,Books,26.39,2,0,52.79
2024-07-13,South,Electronics,283.1,3,0,849.29
2024-07-13,East,Home & Garden,97.12,1,10,87.41
2024-07-13,North,Electronics,121.7,1,0,121.7
2024-07-13,South,Books,16.38,1,10,14.74
2024-07-13,North,Books,22.28,3,0,66.83
2024-07-13,North,Electronics,260.6,4,0,1042.4
2024-07-13,West,Sports,45.41,3,0,136.24
2024-07-13,West,Home & Garden,89.32,4,0,357.29
2024-07-13,North,Electronics,281.87,1,0,281.87
2024-07-13,East,Clothing,58.92,4,0,235.67
2024-07-13,North,Clothing,45.48,3,20,109.16
2024-07-13,South,Books,25.34,2,0,50.67
2024-07-13,North,Books,21.79,3,10,58.84
2024-07-13,East,Home & Garden,77.64,3,0,232.92
2024-07-13,North,Electronics,336.26,3,0,1008.77
2024-07-13,North,Clothing,51.29,4,0,205.17
2024-07-13,North,Sports,32.05,4,0,128.22
2024-07-13,South,Home & Garden,75.18,4,0,300.71
2024-07-13,North,Books,21.41,2,0,42.82
2024-07-13,North,Electronics,204.73,4,0,818.9
2024-07-13,North,Clothing,51.56,1,0,51.56
2024-07-13,West,Electronics,229.55,3,0,688.66
2024-07-13,South,Clothing,68.11,4,0,272.43
2024-07-14,East,Clothing,50.17,3,10,135.46
2024-07-14,West,Clothing,52.13,4,10,187.66
2024-07-14,South,Electronics,239.12,3,0,717.37
2024-07-14,North,Books,16.88,4,10,60.77
2024-07-14,South,Home & Garden,74.46,1,0,74.46
2024-07-14,North,Sports,72.71,4,0,290.84
2024-07-14,North,Home & Garden,71.24,3,0,213.71
2024-07-14,South,Sports,79.09,2,0,158.19
2024-07-14,East,Books,19.68,1,0,19.68
2024-07-14,South,Electronics,222.16,3,0,666.47
2024-07-14,North,Clothing,47.64,4,0,190.56
2024-07-14,East,Electronics,196.31,1,0,196.31
2024-07-14,West,Home & Garden,80.55,1,0,80.55
2024-07-14,East,Books,28.17,1,0,28.17
2024-07-14,North,Electronics,387.01,3,0,1161.04
2024-07-14,East,Clothing,28.07,1,10,25.26
2024-07-14,South,Clothing,49.52,1,0,49.52
2024-07-14,East,Electronics,259.3,1,0,259.3
2024-07-14,North,Home & Garden,97.54,1,20,78.03
2024-07-14,North,Home & Garden,63.48,2,0,126.97
2024-07-14,North,Electronics,297.47,1,0,297.47
2024-07-14,South,Electronics,301.85,3,0,905.54
2024-07-14,North,Clothing,55.43,2,0,110.85
2024-07-14,South,Books,14.39,2,0,28.77
2024-07-14,North,Electronics,354.24,3,0,1062.71
2024-07-14,South,Electronics,245.37,2,5,466.2
2024-07-15,East,Books,27.12,1,0,27.12
2024-07-15,East,Electronics,361.34,1,0,361.34
2024-07-15,West,Books,22.83,2,0,45.67
2024-07-15,East,Sports,77.98,1,0,77.98
2024-07-15,North,Books,24.37,3,0,73.12
2024-07-15,West,Home & Garden,67.12,2,0,134.25
2024-07-15,East,Electronics,319.45,1,0,319.45
2024-07-15,East,Home & Garden,80.23,4,0,320.9
2024-07-15,East,Home & Garden,80.63,2,0,161.27
2024-07-15,North,Electronics,139.31,2,0,278.62
2024-07-15,South,Electronics,206.02,2,0,412.04
2024-07-15,South,Electronics,223.15,2,0,446.3
2024-07-15,South,Clothing,29.72,4,5,112.95
2024-07-16,North,Clothing,45.89,2,10,82.6
2024-07-16,West,Electronics,190.56,2,0,381.11
2024-07-16,South,Electronics,360.3,1,10,324.27
2024-07-16,South,Electronics,431.43,2,0,862.87
2024-07-16,East,Electronics,192.46,2,10,346.43
2024-07-16,South,Electronics,344.77,3,0,1034.3
2024-07-16,South,Books,21.91,3,0,65.72
2024-07-16,West,Home & Garden,81.56,2,0,163.12
2024-07-16,East,Home & Garden,98.18,3,0,294.53
2024-07-16,North,Electronics,299.73,4,5,1138.98
2024-07-16,West,Electronics,129.46,2,0,258.92
2024-07-16,East,Clothing,49.11,3,5,139.97
2024-07-16,West,Books,21.81,2,0,43.62
2024-07-17,North,Electronics,173.6,2,10,312.48
2024-07-17,East,Sports,81.23,3,0,243.68
2024-07-17,West,Home & Garden,67.52,3,0,202.57
2024-07-17,South,Clothing,58.09,3,0,174.26
2024-07-17,South,Electronics,248.45,4,0,993.82
2024-07-17,East,Electronics,214.93,4,0,859.72
2024-07-17,North,Clothing,30.4,4,0,121.59
2024-07-17,East,Electronics,273.61,2,0,547.21
2024-07-17,North,Clothing,64.73,4,0,258.9
2024-07-17,East,Books,21.94,1,0,21.94
2024-07-17,South,Clothing,58.64,2,0,117.28
2024-07-17,West,Electronics,278.83,3,10,752.83
2024-07-17,South,Sports,52.27,2,5,99.31
2024-07-17,South,Home & Garden,79.78,4,0,319.13
2024-07-17,East,Electronics,361.6,1,0,361.6
2024-07-18,South,Sports,34.57,4,0,138.3
2024-07-18,South,Electronics,272.96,3,0,818.87
2024-07-18,West,Electronics,199.09,3,5,567.42
2024-07-18,East,Home & Garden,67.16,3,0,201.49
2024-07-18,South,Home & Garden,115.99,1,0,115.99
2024-07-18,East,Electronics,215.67,2,0,431.33
2024-07-18,North,Clothing,27.89,4,0,111.54
2024-07-18,East,Electronics,203.85,2,0,407.7
2024-07-18,West,Electronics,176.46,4,0,705.83
2024-07-18,West,Electronics,289.32,2,0,578.64
2024-07-18,West,Clothing,50.95,4,0,203.82
2024-07-18,North,Electronics,248.58,1,0,248.58
2024-07-18,South,Sports,53.2,4,5,202.16
2024-07-18,South,Home & Garden,126.24,2,10,227.23
2024-07-18,East,Clothing,44.55,3,0,133.65
2024-07-18,North,Home & Garden,83.19,2,5,158.07
2024-07-19,East,Home & Garden,78.15,4,0,312.59
2024-07-19,East,Home & Garden,42.62,3,0,127.86
2024-07-19,North,Electronics,253.74,3,20,608.99
2024-07-19,South,Home & Garden,96.54,2,0,193.09
2024-07-19,North,Books,18.99,2,0,37.97
2024-07-19,East,Electronics,246.58,3,15,628.77
2024-07-19,West,Home & Garden,29.52,3,5,84.12
2024-07-19,West,Clothing,39.43,1,0,39.43
2024-07-20,North,Electronics,252.49,2,0,504.99
2024-07-20,North,Electronics,178.58,4,0,714.3
2024-07-20,North,Clothing,52.48,4,20,167.94
2024-07-20,North,Home & Garden,80.82,3,0,242.46
2024-07-20,East,Electronics,394.23,3,20,946.15
2024-07-20,South,Books,16.28,2,5,30.93
2024-07-20,South,Clothing,27.08,4,0,108.34
2024-07-20,South,Home & Garden,57.44,1,0,57.44
2024-07-20,East,Books,15.99,1,20,12.8
2024-07-20,South,Clothing,50.13,1,10,45.12
2024-07-20,West,Books,6.14,2,0,12.27
2024-07-20,South,Sports,91.05,1,0,91.05
2024-07-20,West,Electronics,349.1,4,0,1396.42
2024-07-20,South,Electronics,309.75,2,0,619.49
2024-07-20,South,Electronics,373.54,2,0,747.08
2024-07-20,South,Electronics,282.9,1,0,282.9
2024-07-20,East,Home & Garden,103.06,3,5,293.73
2024-07-20,North,Sports,55.4,3,10,149.58
2024-07-20,South,Home & Garden,65.84,1,0,65.84
2024-07-20,South,Clothing,18.52,3,10,50.01
2024-07-20,West,Clothing,62.11,4,0,248.44
2024-07-20,North,Clothing,46.14,4,5,175.34
2024-07-20,South,Books,8.74,2,0,17.49
2024-07-20,South,Clothing,58.23,1,0,58.23
2024-07-20,South,Electronics,257.04,1,5,244.19
2024-07-20,West,Books,20.23,3,5,57.67
2024-07-20,East,Home & Garden,83.37,2,15,141.73
2024-07-20,West,Electronics,264.78,1,0,264.78
2024-07-20,South,Sports,61.94,4,0,247.77
2024-07-20,West,Books,18.79,3,0,56.36
2024-07-20,North,Home & Garden,39.63,2,10,71.34
2024-07-20,North,Books,24.33,2,0,48.66
2024-07-21,North,Electronics,279.02,3,0,837.05
2024-07-21,East,Electronics,285.5,2,0,571.0
2024-07-21,South,Electronics,89.89,1,0,89.89
2024-07-21,South,Sports,47.81,1,0,47.81
2024-07-21,East,Clothing,63.27,2,0,126.54
2024-07-21,West,Electronics,128.07,2,15,217.72
2024-07-21,West,Clothing,69.22,2,5,131.51
2024-07-21,South,Electronics,220.38,1,0,220.38
2024-07-21,South,Home & Garden,40.0,4,0,160.0
2024-07-21,North,Books,9.51,3,0,28.53
2024-07-21,South,Clothing,34.86,3,10,94.12
2024-07-21,North,Sports,79.5,2,10,143.1
2024-07-21,North,Sports,15.69,3,10,42.37
2024-07-21,North,Books,17.38,1,0,17.38
2024-07-21,South,Home & Garden,73.39,1,10,66.05
2024-07-21,East,Books,20.24,4,0,80.95
2024-07-21,East,Electronics,160.67,2,0,321.34
2024-07-21,North,Clothing,54.28,3,0,162.83
2024-07-21,West,Electronics,278.24,4,0,1112.97
2024-07-21,North,Electronics,299.21,2,0,598.42
2024-07-21,North,Home & Garden,85.23,1,0,85.23
2024-07-21,North,Home & Garden,73.38,4,0,293.54
2024-07-21,East,Clothing,52.13,2,0,104.27
2024-07-21,South,Clothing,49.58,1,0,49.58
2024-07-21,North,Home & Garden,74.04,2,0,148.08
2024-07-21,North,Clothing,51.96,1,0,51.96
2024-07-21,North,Home & Garden,71.75,3,0,215.25
2024-07-21,East,Clothing,71.79,1,0,71.79
2024-07-21,East,Clothing,31.01,2,5,58.92
2024-07-22,North,Books,14.73,2,20,23.57
2024-07-22,North,Electronics,335.66,4,10,1208.36
2024-07-22,South,Clothing,36.58,1,0,36.58
2024-07-22,East,Home & Garden,102.35,4,10,368.47
2024-07-22,East,Sports,67.53,4,0,270.11
2024-07-22,East,Clothing,51.53,1,0,51.53
2024-07-22,East,Electronics,305.04,1,5,289.78
2024-07-22,West,Electronics,330.86,4,0,1323.45
2024-07-22,South,Books,16.12,3,0,48.37
2024-07-22,North,Electronics,167.64,1,0,167.64
2024-07-22,West,Electronics,292.06,4,5,1109.81
2024-07-22,West,Electronics,384.39,2,0,768.79
2024-07-22,East,Electronics,187.21,2,0,374.41
2024-07-22,North,Books,12.8,2,0,25.6
2024-07-22,East,Sports,56.94,2,0,113.87
2024-07-22,North,Clothing,34.31,1,0,34.31
2024-07-22,East,Sports,64.04,1,10,57.64
2024-07-23,South,Electronics,191.58,1,20,153.26
2024-07-23,South,Clothing,52.98,3,0,158.95
2024-07-23,North,Clothing,28.22,3,0,84.67
2024-07-23,North,Electronics,225.01,4,10,810.04
2024-07-23,North,Books,19.05,4,0,76.18
2024-07-23,West,Home & Garden,46.82,3,20,112.37
2024-07-23,East,Clothing,65.46,2,0,130.93
2024-07-23,West,Home & Garden,89.35,2,0,178.7
2024-07-23,North,Sports,62.01,1,0,62.01
2024-07-23,South,Clothing,23.63,2,0,47.27
2024-07-23,East,Home & Garden,64.23,1,0,64.23
2024-07-23,East,Sports,46.95,2,0,93.9
2024-07-24,South,Clothing,61.95,2,0,123.9
2024-07-24,East,Clothing,46.59,3,0,139.78
2024-07-24,North,Home & Garden,32.16,2,0,64.32
2024-07-24,East,Books,21.73,2,0,43.47
2024-07-24,West,Clothing,65.65,2,0,131.31
2024-07-24,West,Clothing,26.12,4,15,88.8
2024-07-24,North,Electronics,322.95,4,15,1098.03
2024-07-24,North,Electronics,219.34,3,0,658.01
2024-07-24,East,Clothing,38.68,3,0,116.04
2024-07-24,South,Electronics,279.7,4,0,1118.8
2024-07-24,East,Electronics,277.38,1,5,263.51
2024-07-24,East,Sports,67.8,3,0,203.4
2024-07-24,South,Home & Garden,42.2,3,5,120.26
2024-07-24,West,Books,26.74,1,0,26.74
2024-07-24,East,Home & Garden,76.29,1,5,72.48
2024-07-24,South,Books,16.96,1,0,16.96
2024-07-24,West,Electronics,248.39,1,0,248.39
2024-07-25,North,Books,19.04,4,0,76.17
2024-07-25,North,Home & Garden,82.02,1,0,82.02
2024-07-25,North,Home & Garden,76.25,3,0,228.74
2024-07-25,East,Clothing,50.17,1,0,50.17
2024-07-25,North,Electronics,204.95,4,10,737.82
2024-07-25,East,Electronics,294.73,3,5,839.97
2024-07-25,East,Home & Garden,72.14,3,5,205.59
2024-07-25,East,Home & Garden,89.74,1,0,89.74
2024-07-25,East,Books,25.37,1,0,25.37
2024-07-25,South,Books,13.75,2,0,27.5
2024-07-25,South,Home & Garden,86.11,4,0,344.46
2024-07-25,West,Home & Garden,73.53,4,0,294.14
2024-07-25,North,Electronics,296.22,2,20,473.95
2024-07-25,East,Books,27.6,2,0,55.21
2024-07-25,East,Home & Garden,74.74,4,5,284.01
2024-07-26,West,Clothing,56.83,2,0,113.66
2024-07-26,East,Clothing,55.04,3,0,165.11
2024-07-26,West,Home & Garden,86.68,4,0,346.72
2024-07-26,West,Sports,54.3,1,10,48.87
2024-07-26,South,Clothing,35.79,1,0,35.79
2024-07-26,North,Books,19.44,4,5,73.87
2024-07-26,North,Home & Garden,94.75,1,0,94.75
2024-07-26,South,Sports,64.13,1,0,64.13
2024-07-26,West,Home & Garden,68.75,1,0,68.75
2024-07-26,North,Clothing,43.29,1,15,36.8
2024-07-26,West,Clothing,29.43,1,0,29.43
2024-07-26,West,Books,17.02,4,0,68.06
2024-07-27,South,Electronics,183.33,3,10,494.98
2024-07-27,West,Clothing,47.66,4,0,190.63
2024-07-27,South,Electronics,195.99,3,10,529.17
2024-07-27,West,Clothing,45.14,3,0,135.43
2024-07-27,West,Sports,63.6,2,0,127.19
2024-07-27,North,Books,21.02,3,0,63.05
2024-07-27,East,Books,28.82,4,5,109.5
2024-07-27,East,Electronics,233.92,3,0,701.75
2024-07-27,East,Books,18.55,2,0,37.11
2024-07-27,South,Electronics,275.41,1,0,275.41
2024-07-27,North,Clothing,34.49,2,0,68.97
2024-07-27,North,Clothing,58.46,1,0,58.46
2024-07-27,North,Clothing,64.2,1,10,57.78
2024-07-27,East,Clothing,38.91,1,5,36.97
2024-07-27,West,Sports,50.77,4,20,162.46
2024-07-27,South,Home & Garden,117.16,4,0,468.63
2024-07-27,West,Electronics,235.68,4,5,895.6
2024-07-27,North,Sports,66.38,4,0,265.52
2024-07-27,North,Electronics,211.67,1,0,211.67
2024-07-27,East,Clothing,41.19,1,0,41.19
2024-07-27,East,Electronics,277.11,2,0,554.22
2024-07-27,South,Electronics,155.76,2,0,311.53
2024-07-27,West,Home & Garden,77.89,1,0,77.89
2024-07-28,North,Home & Garden,74.64,4,0,298.56
2024-07-28,East,Home & Garden,100.51,2,0,201.02
2024-07-28,South,Electronics,151.91,3,0,455.72
2024-07-28,West,Books,19.73,2,0,39.46
2024-07-28,North,Clothing,30.41,1,0,30.41
2024-07-28,East,Sports,49.79,4,0,199.18
2024-07-28,North,Books,18.44,2,0,36.89
2024-07-28,East,Clothing,55.92,3,0,167.76
2024-07-28,North,Electronics,170.42,3,0,511.26
2024-07-28,North,Home & Garden,105.34,2,10,189.61
2024-07-28,South,Clothing,43.42,3,0,130.27
2024-07-28,South,Clothing,61.28,4,0,245.11
2024-07-28,West,Books,21.22,2,0,42.44
2024-07-28,South,Home & Garden,93.75,4,0,375.0
2024-07-28,East,Electronics,315.54,2,5,599.53
2024-07-28,West,Clothing,44.42,2,0,88.84
2024-07-28,South,Sports,46.91,1,10,42.22
2024-07-28,North,Books,9.39,3,0,28.17
2024-07-28,West,Electronics,198.94,1,20,159.16
2024-07-28,North,Sports,42.97,3,0,128.92
2024-07-29,South,Books,22.47,1,0,22.47
2024-07-29,North,Clothing,43.86,4,0,175.44
2024-07-29,East,Clothing,57.82,2,20,92.51
2024-07-29,East,Electronics,298.34,4,0,1193.35
2024-07-29,North,Sports,44.16,3,0,132.47
2024-07-29,North,Electronics,317.47,4,0,1269.88
2024-07-29,East,Clothing,52.78,1,20,42.23
2024-07-29,East,Electronics,302.45,1,5,287.33
2024-07-29,West,Clothing,20.16,1,0,20.16
2024-07-29,West,Sports,46.33,2,0,92.66
2024-07-29,South,Clothing,34.7,3,0,104.09
2024-07-29,North,Home & Garden,64.19,4,0,256.75
2024-07-30,North,Home & Garden,74.35,2,0,148.71
2024-07-30,West,Electronics,359.26,1,0,359.26
2024-07-30,South,Electronics,309.87,3,0,929.61
2024-07-30,South,Sports,55.22,1,0,55.22
2024-07-30,South,Books,20.08,1,0,20.08
2024-07-30,South,Electronics,147.8,4,0,591.18
2024-07-30,East,Clothing,60.26,4,0,241.02
2024-07-30,West,Home & Garden,103.66,4,0,414.63
2024-07-30,North,Sports,36.83,4,10,132.6
2024-07-30,West,Electronics,283.01,2,5,537.72
2024-07-30,East,Home & Garden,96.74,4,0,386.96
2024-07-30,North,Clothing,26.08,4,5,99.09
2024-07-30,South,Sports,79.74,3,0,239.22
2024-07-30,East,Sports,45.35,3,0,136.06
2024-07-30,East,Electronics,387.86,2,0,775.72
2024-07-30,East,Electronics,209.49,1,10,188.54
2024-07-30,North,Electronics,130.52,4,0,522.09
2024-07-30,North,Books,17.21,3,15,43.9
2024-07-31,West,Clothing,37.81,1,0,37.81
2024-07-31,South,Sports,45.83,1,0,45.83
2024-07-31,East,Books,20.83,1,0,20.83
2024-07-31,South,Books,28.3,4,0,113.19
2024-07-31,South,Clothing,66.49,3,20,159.57
2024-07-31,West,Sports,28.0,2,0,56.0
2024-07-31,North,Electronics,381.23,4,10,1372.44
2024-07-31,North,Home & Garden,85.03,3,0,255.08
2024-07-31,South,Home & Garden,123.86,4,0,495.42
2024-07-31,East,Clothing,38.0,1,0,38.0
2024-07-31,South,Books,27.68,2,0,55.36
2024-07-31,South,Home & Garden,98.54,3,10,266.05
2024-07-31,South,Books,19.56,1,0,19.56
2024-08-01,North,Clothing,51.71,1,10,46.54
2024-08-01,East,Sports,59.23,1,0,59.23
2024-08-01,East,Electronics,235.18,3,15,599.7
2024-08-01,North,Sports,37.61,3,10,101.54
2024-08-01,North,Sports,96.28,2,0,192.55
2024-08-01,West,Home & Garden,79.38,2,10,142.88
2024-08-01,North,Books,20.11,2,0,40.21
2024-08-01,West,Home & Garden,103.68,2,0,207.36
2024-08-01,East,Books,23.1,3,5,65.85
2024-08-01,South,Sports,78.14,3,5,222.71
2024-08-01,East,Home & Garden,56.13,1,0,56.13
2024-08-01,East,Electronics,251.5,4,5,955.7
2024-08-02,North,Clothing,58.17,3,0,174.51
2024-08-02,North,Clothing,33.18,4,5,126.07
2024-08-02,East,Sports,53.81,4,0,215.24
2024-08-02,East,Home & Garden,72.5,3,15,184.88
2024-08-02,North,Electronics,183.08,1,0,183.08
2024-08-02,East,Sports,74.49,1,0,74.49
2024-08-02,East,Sports,72.15,2,0,144.29
2024-08-02,North,Clothing,45.66,2,0,91.32
2024-08-02,South,Books,13.58,3,0,40.74
2024-08-02,North,Clothing,38.66,1,20,30.93
2024-08-02,East,Electronics,275.95,1,0,275.95
2024-08-02,South,Clothing,47.55,3,0,142.65
2024-08-02,East,Clothing,49.21,4,0,196.84
2024-08-02,North,Clothing,49.14,2,10,88.45
2024-08-02,South,Electronics,177.83,1,10,160.05
2024-08-02,North,Sports,60.36,3,5,172.01
2024-08-02,East,Home & Garden,89.66,3,0,268.98
2024-08-03,South,Electronics,289.5,1,0,289.5
2024-08-03,South,Home & Garden,78.28,2,0,156.56
2024-08-03,East,Clothing,47.98,3,0,143.93
2024-08-03,West,Books,25.08,1,0,25.08
2024-08-03,West,Clothing,52.06,2,0,104.11
2024-08-03,North,Sports,58.46,3,15,149.06
2024-08-03,North,Electronics,178.56,3,0,535.69
2024-08-03,South,Clothing,40.49,4,0,161.95
2024-08-03,East,Clothing,54.66,2,0,109.31
2024-08-03,East,Electronics,151.79,1,10,136.61
2024-08-03,North,Sports,42.79,3,0,128.38
2024-08-03,West,Sports,63.17,1,0,63.17
2024-08-03,South,Clothing,40.29,1,15,34.25
2024-08-03,East,Books,19.36,2,0,38.72
2024-08-03,West,Home & Garden,76.32,2,15,129.74
2024-08-03,South,Books,11.31,3,5,32.23
2024-08-03,South,Sports,54.62,4,0,218.49
2024-08-03,West,Electronics,183.18,1,0,183.18
2024-08-03,North,Books,17.81,2,0,35.62
2024-08-03,East,Electronics,204.07,3,15,520.37
2024-08-03,East,Sports,46.46,1,0,46.46
2024-08-03,South,Books,22.73,1,0,22.73
2024-08-03,North,Clothing,59.06,2,5,112.21
2024-08-03,East,Home & Garden,102.02,4,0,408.1
2024-08-03,West,Electronics,197.41,2,0,394.81
2024-08-03,North,Electronics,281.89,4,10,1014.82
2024-08-04,North,Clothing,48.62,4,5,184.74
2024-08-04,East,Books,21.0,1,0,21.0
2024-08-04,North,Clothing,34.22,2,0,68.44
2024-08-04,West,Clothing,27.57,2,0,55.15
2024-08-04,East,Clothing,39.51,3,10,106.68
2024-08-04,East,Books,19.17,3,0,57.5
2024-08-04,South,Electronics,243.98,1,0,243.98
2024-08-04,North,Books,17.83,3,0,53.48
2024-08-04,East,Clothing,25.7,1,10,23.13
2024-08-04,West,Home & Garden,81.79,3,5,233.09
2024-08-04,South,Home & Garden,99.69,4,0,398.77
2024-08-04,South,Books,29.79,2,5,56.6
2024-08-04,East,Books,24.24,4,0,96.97
2024-08-04,West,Electronics,240.63,1,5,228.6
2024-08-04,North,Sports,43.27,4,0,173.07
2024-08-04,South,Clothing,37.7,2,5,71.62
2024-08-04,South,Home & Garden,82.34,4,5,312.87
2024-08-04,North,Clothing,38.83,4,0,155.32
2024-08-04,North,Home & Garden,85.32,2,0,170.65
2024-08-04,North,Electronics,359.43,2,0,718.86
2024-08-04,East,Electronics,172.89,1,5,164.24
2024-08-04,West,Electronics,227.6,1,0,227.6
2024-08-04,East,Clothing,23.68,3,0,71.05
2024-08-04,East,Electronics,112.91,1,5,107.26
2024-08-04,South,Electronics,228.04,2,0,456.08
2024-08-04,West,Sports,35.1,2,0,70.2
2024-08-04,North,Sports,61.33,2,0,122.66
2024-08-04,South,Clothing,44.75,3,0,134.25
2024-08-04,West,Home & Garden,107.37,1,0,107.37
2024-08-05,East,Clothing,45.92,1,0,45.92
2024-08-05,South,Clothing,41.27,2,0,82.54
2024-08-05,East,Sports,88.57,1,0,88.57
2024-08-05,North,Home & Garden,68.84,4,20,220.27
2024-08-05,North,Sports,60.27,2,0,120.54
2024-08-05,North,Home & Garden,133.96,4,0,535.84
2024-08-05,West,Clothing,40.22,3,0,120.66
2024-08-05,West,Sports,78.01,1,0,78.01
2024-08-05,South,Electronics,160.52,3,5,457.47
2024-08-05,North,Home & Garden,136.48,3,0,409.45
2024-08-05,West,Home & Garden,59.89,2,0,119.79
2024-08-05,South,Clothing,55.82,2,0,111.64
2024-08-06,West,Electronics,194.74,1,0,194.74
2024-08-06,North,Books,19.23,4,10,69.23
2024-08-06,North,Electronics,207.69,3,0,623.07
2024-08-06,East,Sports,38.44,1,0,38.44
2024-08-06,East,Clothing,55.4,3,0,166.21
2024-08-06,West,Electronics,321.72,1,0,321.72
2024-08-06,North,Electronics,222.94,2,0,445.88
2024-08-06,East,Books,12.74,2,15,21.66
2024-08-06,South,Home & Garden,90.0,3,0,270.01
2024-08-06,East,Books,13.76,4,15,46.78
2024-08-06,South,Clothing,62.92,2,0,125.85
2024-08-06,North,Books,16.16,1,0,16.16
2024-08-06,North,Home & Garden,57.37,2,15,97.53
2024-08-06,West,Books,20.08,2,0,40.16
2024-08-06,North,Books,19.87,4,0,79.49
2024-08-06,East,Clothing,52.76,3,15,134.55
2024-08-06,East,Sports,58.18,2,20,93.09
2024-08-07,North,Home & Garden,98.56,3,0,295.68
2024-08-07,South,Clothing,17.09,2,0,34.18
2024-08-07,West,Clothing,32.26,4,10,116.12
2024-08-07,South,Sports,68.47,2,15,116.4
2024-08-07,South,Sports,52.67,2,5,100.07
2024-08-07,East,Electronics,225.83,2,0,451.66
2024-08-07,North,Clothing,48.59,4,0,194.37
2024-08-07,North,Home & Garden,46.06,3,0,138.17
2024-08-07,West,Clothing,56.72,2,20,90.75
2024-08-07,East,Home & Garden,95.2,3,0,285.61
2024-08-07,South,Sports,26.33,2,0,52.65
2024-08-07,East,Sports,65.17,1,0,65.17
2024-08-07,South,Clothing,58.29,3,0,174.87
2024-08-07,East,Clothing,28.47,3,0,85.41
2024-08-07,East,Clothing,55.71,1,10,50.14
2024-08-07,West,Sports,69.02,2,20,110.43
2024-08-07,South,Books,29.31,1,0,29.31
2024-08-08,East,Electronics,193.27,3,0,579.8
2024-08-08,North,Home & Garden,59.14,1,0,59.14
2024-08-08,East,Electronics,287.03,4,10,1033.32
2024-08-08,East,Books,23.15,1,5,21.99
2024-08-08,West,Electronics,166.86,4,0,667.43
2024-08-08,East,Clothing,42.93,2,0,85.85
2024-08-08,West,Clothing,48.44,2,0,96.88
2024-08-08,South,Home & Garden,105.92,2,0,211.84
2024-08-08,North,Home & Garden,89.49,4,0,357.95
2024-08-08,East,Electronics,126.82,2,0,253.64
2024-08-08,South,Sports,68.85,2,0,137.71
2024-08-08,East,Clothing,43.85,2,0,87.7
2024-08-08,North,Books,26.53,2,0,53.06
2024-08-08,North,Clothing,28.44,2,20,45.5
2024-08-08,North,Electronics,22.8,2,0,45.6
2024-08-08,East,Sports,91.38,4,0,365.53
2024-08-08,East,Sports,100.75,4,10,362.72
2024-08-08,East,Sports,31.17,1,0,31.17
2024-08-08,South,Home & Garden,82.52,1,5,78.39
2024-08-08,North,Electronics,281.66,1,0,281.66
2024-08-08,South,Books,18.73,1,0,18.73
2024-08-08,South,Home & Garden,60.42,1,10,54.38
2024-08-09,South,Books,14.71,1,0,14.71
2024-08-09,South,Clothing,20.46,4,0,81.85
2024-08-09,West,Home & Garden,107.88,1,0,107.88
2024-08-09,West,Books,24.43,2,5,46.42
2024-08-09,East,Books,22.46,3,5,64.02
2024-08-09,North,Home & Garden,89.06,3,0,267.17
2024-08-09,West,Sports,73.2,4,10,263.51
2024-08-09,West,Books,15.5,1,0,15.5
2024-08-09,West,Home & Garden,66.77,2,0,133.53
2024-08-09,North,Sports,42.89,2,20,68.63
2024-08-09,West,Clothing,43.89,3,0,131.67
2024-08-09,East,Clothing,49.93,1,0,49.93
2024-08-09,North,Clothing,54.64,3,0,163.91
2024-08-09,West,Clothing,47.18,2,0,94.37
2024-08-09,South,Sports,77.17,2,20,123.47
2024-08-09,South,Electronics,284.32,4,0,1137.26
2024-08-09,East,Books,19.13,1,0,19.13
2024-08-10,West,Electronics,204.65,2,0,409.3
2024-08-10,West,Sports,44.55,4,0,178.2
2024-08-10,North,Sports,79.14,2,0,158.28
2024-08-10,North,Sports,78.22,3,0,234.67
2024-08-10,South,Electronics,192.21,1,0,192.21
2024-08-10,East,Home & Garden,101.64,4,20,325.25
2024-08-10,East,Clothing,46.51,1,0,46.51
2024-08-10,West,Sports,64.25,4,0,256.99
2024-08-10,North,Electronics,190.07,1,0,190.07
2024-08-10,South,Sports,101.98,4,0,407.91
2024-08-10,South,Electronics,249.96,4,0,999.84
2024-08-10,South,Clothing,37.91,3,0,113.74
2024-08-10,North,Electronics,256.03,2,0,512.05
2024-08-10,West,Electronics,282.43,2,0,564.86
2024-08-10,North,Sports,63.32,4,0,253.3
2024-08-10,North,Clothing,61.39,4,20,196.46
2024-08-10,West,Home & Garden,57.52,3,0,172.57
2024-08-10,East,Clothing,45.42,1,0,45.42
2024-08-10,East,Clothing,56.49,4,0,225.96
2024-08-10,West,Home & Garden,67.73,1,10,60.96
2024-08-10,East,Electronics,199.54,2,0,399.08
2024-08-10,North,Electronics,233.37,2,0,466.75
2024-08-11,West,Sports,50.04,1,0,50.04
2024-08-11,South,Clothing,40.6,1,0,40.6
2024-08-11,West,Sports,46.67,1,0,46.67
2024-08-11,West,Clothing,48.76,4,0,195.04
2024-08-11,North,Electronics,196.03,1,0,196.03
2024-08-11,South,Electronics,214.46,1,0,214.46
2024-08-11,South,Home & Garden,99.33,2,0,198.65
2024-08-11,East,Electronics,374.06,3,15,953.85
2024-08-11,West,Clothing,33.95,1,10,30.56
2024-08-11,West,Sports,34.56,4,0,138.22
2024-08-11,North,Electronics,272.42,2,10,490.36
2024-08-11,North,Electronics,295.32,2,0,590.64
2024-08-11,East,Electronics,268.98,4,5,1022.14
2024-08-11,East,Clothing,46.07,3,0,138.22
2024-08-11,North,Books,23.91,3,0,71.72
2024-08-11,South,Clothing,35.59,3,0,106.76
2024-08-11,South,Home & Garden,99.28,3,0,297.84
2024-08-11,West,Electronics,166.51,4,0,666.04
2024-08-11,East,Electronics,365.48,3,10,986.79
2024-08-11,South,Books,29.72,2,20,47.55
2024-08-11,West,Clothing,44.5,1,0,44.5
2024-08-11,North,Electronics,295.16,4,0,1180.62
2024-08-11,East,Books,18.42,1,0,18.42
2024-08-11,West,Sports,82.62,2,0,165.25
2024-08-11,North,Electronics,234.52,1,0,234.52
2024-08-11,East,Clothing,46.13,3,0,138.4
2024-08-11,North,Sports,84.82,2,0,169.64
2024-08-12,North,Electronics,237.04,1,10,213.34
2024-08-12,East,Electronics,219.12,3,0,657.36
2024-08-12,North,Electronics,364.87,4,0,1459.49
2024-08-12,East,Books,22.11,4,0,88.44
2024-08-12,East,Electronics,334.86,1,0,334.86
2024-08-12,West,Clothing,36.97,4,5,140.5
2024-08-12,East,Home & Garden,97.44,3,0,292.32
2024-08-12,South,Electronics,212.06,2,0,424.12
2024-08-12,East,Clothing,15.95,3,0,47.86
2024-08-12,North,Books,21.07,3,0,63.22
2024-08-12,North,Books,12.28,3,0,36.83
2024-08-12,West,Clothing,77.33,4,0,309.33
2024-08-12,North,Clothing,66.92,3,0,200.76
2024-08-12,South,Clothing,42.98,3,10,116.04
2024-08-12,West,Clothing,63.71,4,0,254.82
2024-08-12,East,Electronics,331.32,2,10,596.37
2024-08-12,East,Home & Garden,53.97,1,0,53.97
2024-08-12,North,Clothing,49.81,4,20,159.41
2024-08-13,East,Books,20.03,2,0,40.07
2024-08-13,West,Home & Garden,61.53,4,0,246.13
2024-08-13,North,Electronics,349.85,3,20,839.63
2024-08-13,North,Home & Garden,66.71,3,0,200.13
2024-08-13,East,Clothing,57.62,1,0,57.62
2024-08-13,North,Home & Garden,49.25,3,0,147.75
2024-08-13,East,Clothing,43.95,3,20,105.49
2024-08-13,East,Clothing,33.26,1,10,29.94
2024-08-13,West,Electronics,140.16,2,0,280.32
2024-08-13,West,Clothing,48.5,2,0,97.0
2024-08-13,North,Sports,59.72,1,0,59.72
2024-08-13,North,Home & Garden,122.01,4,0,488.03
2024-08-13,South,Home & Garden,63.02,1,0,63.02
2024-08-13,North,Home & Garden,109.31,3,10,295.13
2024-08-13,East,Books,21.78,1,0,21.78
2024-08-13,North,Home & Garden,82.09,1,0,82.09
2024-08-13,North,Home & Garden,53.1,2,0,106.2
2024-08-13,East,Clothing,57.18,2,0,114.36
2024-08-13,South,Clothing,47.62,3,15,121.44
2024-08-13,South,Clothing,41.0,2,20,65.6
2024-08-14,South,Home & Garden,101.12,1,0,101.12
2024-08-14,East,Electronics,155.65,3,0,466.96
2024-08-14,East,Clothing,34.8,2,0,69.6
2024-08-14,South,Home & Garden,85.26,3,10,230.2
2024-08-14,East,Electronics,225.81,4,0,903.25
2024-08-14,East,Home & Garden,97.81,2,0,195.62
2024-08-14,East,Home & Garden,80.97,4,20,259.1
2024-08-14,North,Home & Garden,75.69,1,0,75.69
2024-08-14,South,Clothing,57.85,2,0,115.7
2024-08-14,South,Books,17.36,1,0,17.36
2024-08-14,East,Clothing,50.51,1,0,50.51
2024-08-14,West,Sports,57.02,3,20,136.84
2024-08-14,South,Electronics,98.14,3,0,294.42
2024-08-14,East,Clothing,47.65,1,5,45.27
2024-08-14,West,Sports,46.88,3,0,140.64
2024-08-14,North,Electronics,151.47,2,5,287.8
2024-08-14,North,Sports,63.24,3,15,161.27
2024-08-15,East,Electronics,257.29,3,0,771.86
2024-08-15,East,Sports,56.55,2,0,113.11
2024-08-15,North,Electronics,208.46,4,0,833.85
2024-08-15,South,Electronics,201.86,2,0,403.72
2024-08-15,West,Clothing,51.11,2,0,102.23
2024-08-15,West,Electronics,195.98,1,0,195.98
2024-08-15,North,Home & Garden,98.43,1,0,98.43
2024-08-15,North,Electronics,241.39,3,0,724.17
2024-08-15,North,Electronics,197.77,2,0,395.55
2024-08-15,North,Sports,49.5,1,0,49.5
2024-08-15,South,Clothing,42.39,2,15,72.07
2024-08-15,South,Clothing,62.9,3,0,188.7
2024-08-15,East,Books,22.71,4,15,77.23
2024-08-15,West,Clothing,35.93,2,0,71.87
2024-08-15,West,Books,23.92,2,10,43.06
2024-08-15,South,Electronics,259.81,3,0,779.42
2024-08-15,North,Electronics,196.92,1,0,196.92
2024-08-15,North,Clothing,63.19,3,5,180.08
2024-08-15,North,Home & Garden,26.19,3,20,62.85
2024-08-15,East,Books,20.33,1,0,20.33
2024-08-15,North,Electronics,84.06,4,0,336.23
2024-08-16,North,Home & Garden,58.53,2,10,105.35
2024-08-16,East,Electronics,323.75,1,10,291.38
2024-08-16,North,Electronics,242.41,2,0,484.81
2024-08-16,East,Clothing,35.32,2,0,70.65
2024-08-16,West,Clothing,37.52,4,0,150.07
2024-08-16,West,Electronics,295.74,3,0,887.21
2024-08-16,West,Books,19.56,4,0,78.23
2024-08-16,West,Sports,56.94,1,0,56.94
2024-08-16,East,Clothing,48.96,1,0,48.96
2024-08-17,North,Electronics,209.74,3,10,566.3
2024-08-17,East,Books,12.82,4,0,51.27
2024-08-17,West,Books,22.76,3,0,68.27
2024-08-17,South,Electronics,262.68,4,0,1050.72
2024-08-17,East,Electronics,232.56,1,10,209.31
2024-08-17,East,Electronics,290.13,2,0,580.27
2024-08-17,South,Sports,48.61,1,0,48.61
2024-08-17,North,Home & Garden,88.12,3,10,237.93
2024-08-17,East,Books,27.45,3,0,82.34
2024-08-17,West,Home & Garden,119.22,2,0,238.44
2024-08-17,North,Books,11.7,4,0,46.8
2024-08-17,East,Clothing,27.84,2,10,50.11
2024-08-17,North,Clothing,65.29,3,0,195.87
2024-08-17,North,Clothing,40.31,2,0,80.61
2024-08-17,West,Sports,80.56,2,0,161.12
2024-08-17,South,Electronics,250.32,3,0,750.96
2024-08-17,West,Books,16.21,4,0,64.82
2024-08-17,East,Home & Garden,116.66,1,10,105.0
2024-08-17,North,Sports,37.81,3,0,113.44
2024-08-17,North,Home & Garden,89.55,2,20,143.27
2024-08-17,South,Electronics,314.46,2,5,597.47
2024-08-17,East,Home & Garden,70.99,4,15,241.35
2024-08-17,South,Clothing,22.4,2,20,35.83
2024-08-17,East,Home & Garden,91.58,3,0,274.75
2024-08-17,West,Books,15.34,3,0,46.02
2024-08-17,West,Clothing,36.9,3,0,110.69
2024-08-17,West,Books,17.22,1,0,17.22
2024-08-18,East,Books,19.82,2,0,39.64
2024-08-18,North,Clothing,27.42,3,0,82.27
2024-08-18,North,Electronics,390.04,2,5,741.07
2024-08-18,West,Books,15.94,3,0,47.81
2024-08-18,East,Clothing,41.12,2,0,82.24
2024-08-18,North,Home & Garden,45.66,2,0,91.33
2024-08-18,North,Electronics,189.52,3,0,568.56
2024-08-18,North,Books,18.48,4,15,62.84
2024-08-18,East,Books,19.99,2,0,39.97
2024-08-18,South,Electronics,279.82,1,0,279.82
2024-08-18,North,Home & Garden,107.64,4,0,430.57
2024-08-18,West,Sports,77.82,2,5,147.86
2024-08-18,West,Electronics,232.41,3,0,697.23
2024-08-18,South,Sports,23.26,3,0,69.77
2024-08-18,East,Electronics,204.53,4,5,777.23
2024-08-18,North,Electronics,173.72,2,5,330.08
2024-08-18,West,Electronics,270.64,2,10,487.15
2024-08-18,South,Home & Garden,99.65,1,0,99.65
2024-08-18,South,Books,15.72,3,10,42.45
2024-08-18,South,Clothing,58.27,4,0,233.08
2024-08-18,West,Sports,44.32,2,0,88.64
2024-08-18,East,Clothing,33.79,1,0,33.79
2024-08-18,South,Electronics,222.05,1,0,222.05
2024-08-18,North,Home & Garden,104.37,1,0,104.37
2024-08-18,East,Electronics,256.28,3,0,768.83
2024-08-18,East,Home & Garden,92.23,3,15,235.19
2024-08-18,North,Electronics,143.3,2,0,286.6
2024-08-18,North,Sports,76.98,4,0,307.94
2024-08-19,South,Sports,63.85,3,5,181.98
2024-08-19,East,Sports,71.15,1,0,71.15
2024-08-19,South,Sports,69.82,4,0,279.28
2024-08-19,North,Home & Garden,91.3,2,5,173.48
2024-08-19,South,Books,24.87,4,10,89.54
2024-08-19,East,Clothing,30.36,3,0,91.09
2024-08-19,South,Sports,42.77,3,0,128.3
2024-08-19,North,Clothing,35.79,2,5,67.99
2024-08-19,East,Electronics,252.18,4,0,1008.72
2024-08-19,East,Clothing,46.76,1,0,46.76
2024-08-19,North,Sports,85.11,3,10,229.79
2024-08-19,East,Home & Garden,109.33,4,10,393.57
2024-08-20,North,Home & Garden,70.76,3,5,201.65
2024-08-20,North,Home & Garden,45.57,3,0,136.72
2024-08-20,West,Home & Garden,61.83,2,0,123.66
2024-08-20,North,Clothing,30.19,1,0,30.19
2024-08-20,West,Clothing,32.97,3,0,98.91
2024-08-20,West,Books,14.05,2,0,28.1
2024-08-20,North,Clothing,42.73,4,0,170.9
2024-08-20,South,Clothing,34.46,1,0,34.46
2024-08-20,West,Clothing,47.93,4,0,191.72
2024-08-20,North,Electronics,329.41,3,0,988.22
2024-08-20,West,Home & Garden,93.38,2,10,168.09
2024-08-20,West,Electronics,223.69,4,10,805.29
2024-08-20,East,Sports,67.15,4,5,255.17
2024-08-21,North,Clothing,43.18,2,0,86.36
2024-08-21,North,Sports,60.46,4,5,229.76
2024-08-21,North,Clothing,72.87,2,10,131.16
2024-08-21,South,Clothing,49.39,2,5,93.84
2024-08-21,East,Clothing,59.23,1,0,59.23
2024-08-21,North,Electronics,238.96,2,0,477.92
2024-08-21,South,Home & Garden,95.94,4,0,383.75
2024-08-21,West,Electronics,192.56,3,5,548.8
2024-08-21,North,Clothing,33.97,2,0,67.94
2024-08-21,South,Books,26.67,3,10,72.0
2024-08-21,East,Clothing,57.84,1,0,57.84
2024-08-22,North,Clothing,41.15,4,0,164.62
2024-08-22,East,Electronics,216.25,2,0,432.51
2024-08-22,North,Electronics,333.92,4,10,1202.12
2024-08-22,North,Sports,55.94,4,10,201.39
2024-08-22,North,Books,26.26,4,0,105.04
2024-08-22,North,Sports,59.09,4,0,236.37
2024-08-22,West,Electronics,259.49,3,5,739.55
2024-08-22,North,Home & Garden,66.28,1,0,66.28
2024-08-22,North,Clothing,36.65,3,20,87.96
2024-08-22,North,Clothing,44.78,3,0,134.34
2024-08-22,North,Clothing,50.73,4,0,202.93
2024-08-22,West,Sports,44.39,1,0,44.39
2024-08-22,West,Books,10.68,3,20,25.64
2024-08-22,South,Sports,59.57,2,0,119.14
2024-08-23,North,Home & Garden,52.84,2,0,105.69
2024-08-23,South,Clothing,40.84,4,0,163.36
2024-08-23,East,Home & Garden,81.26,2,10,146.26
2024-08-23,North,Electronics,229.14,3,15,584.3
2024-08-23,East,Clothing,45.88,1,0,45.88
2024-08-23,North,Sports,51.34,1,0,51.34
2024-08-23,North,Electronics,253.42,2,0,506.84
2024-08-23,West,Clothing,38.23,4,0,152.91
2024-08-23,South,Clothing,35.96,2,0,71.92
2024-08-23,South,Home & Garden,90.07,1,5,85.57
2024-08-23,East,Clothing,54.26,1,0,54.26
2024-08-23,South,Home & Garden,91.09,3,10,245.96
2024-08-23,South,Clothing,45.55,3,0,136.64
2024-08-23,East,Electronics,321.37,1,0,321.37
2024-08-23,North,Clothing,50.99,4,10,183.57
2024-08-23,North,Home & Garden,79.88,2,0,159.76
2024-08-23,South,Sports,66.93,1,0,66.93
2024-08-23,West,Sports,75.7,4,0,302.81
2024-08-23,North,Clothing,44.45,3,10,120.01
2024-08-23,North,Clothing,49.22,4,0,196.88
2024-08-23,South,Electronics,285.39,3,0,856.16
2024-08-23,East,Clothing,55.88,4,20,178.81
2024-08-24,North,Clothing,39.92,1,0,39.92
2024-08-24,East,Electronics,240.63,3,0,721.88
2024-08-24,North,Home & Garden,110.41,1,5,104.89
2024-08-24,East,Clothing,59.19,1,0,59.19
2024-08-24,South,Electronics,282.85,4,0,1131.39
2024-08-24,North,Electronics,203.48,2,10,366.26
2024-08-24,West,Clothing,28.72,4,10,103.4
2024-08-24,East,Electronics,340.85,3,10,920.3
2024-08-24,North,Clothing,42.2,3,0,126.6
2024-08-24,East,Clothing,33.96,4,0,135.84
2024-08-24,North,Home & Garden,40.06,1,0,40.06
2024-08-24,South,Sports,61.47,4,10,221.28
2024-08-24,West,Home & Garden,50.95,2,15,86.61
2024-08-24,North,Electronics,199.55,3,0,598.65
2024-08-24,South,Books,18.6,3,0,55.79
2024-08-24,South,Home & Garden,109.98,1,0,109.98
2024-08-24,South,Electronics,219.56,1,0,219.56
2024-08-24,North,Home & Garden,86.08,1,0,86.08
2024-08-24,West,Electronics,199.6,3,0,598.81
2024-08-24,East,Home & Garden,95.18,4,0,380.7
2024-08-24,South,Clothing,18.1,1,0,18.1
2024-08-24,South,Electronics,356.16,1,0,356.16
2024-08-24,East,Books,15.21,2,10,27.37
2024-08-25,South,Books,17.12,1,0,17.12
2024-08-25,North,Home & Garden,44.2,4,0,176.79
2024-08-25,South,Clothing,59.22,2,0,118.45
2024-08-25,West,Sports,45.93,3,0,137.78
2024-08-25,North,Clothing,49.02,2,10,88.23
2024-08-25,West,Clothing,65.1,1,0,65.1
2024-08-25,West,Clothing,40.6,2,5,77.14
2024-08-25,East,Electronics,344.94,2,0,689.88
2024-08-25,West,Clothing,45.13,1,0,45.13
2024-08-25,South,Sports,81.65,3,0,244.96
2024-08-25,South,Electronics,185.86,3,0,557.59
2024-08-25,South,Electronics,266.04,4,5,1010.94
2024-08-25,North,Electronics,294.31,2,0,588.63
2024-08-25,South,Electronics,236.52,4,5,898.77
2024-08-25,East,Clothing,66.95,4,0,267.79
2024-08-25,West,Home & Garden,49.85,2,5,94.71
2024-08-25,North,Sports,73.63,4,10,265.06
2024-08-25,South,Books,15.17,3,10,40.96
2024-08-25,South,Clothing,52.51,2,0,105.03
2024-08-25,North,Books,17.18,4,5,65.27
2024-08-25,West,Home & Garden,92.58,4,0,370.33
2024-08-25,West,Books,21.53,1,0,21.53
2024-08-25,West,Clothing,18.36,4,0,73.44
2024-08-25,South,Books,20.16,3,0,60.48
2024-08-25,North,Clothing,57.24,4,0,228.94
2024-08-25,South,Books,21.77,4,0,87.09
2024-08-25,North,Clothing,43.22,3,0,129.67
2024-08-25,West,Electronics,234.99,4,0,939.95
2024-08-25,North,Electronics,308.19,3,0,924.56
2024-08-25,North,Sports,56.72,1,0,56.72
2024-08-26,North,Clothing,41.51,1,15,35.28
2024-08-26,East,Home & Garden,60.71,2,0,121.41
2024-08-26,South,Electronics,239.68,2,0,479.36
2024-08-26,East,Home & Garden,89.08,2,0,178.16
2024-08-26,North,Clothing,64.31,1,0,64.31
2024-08-26,West,Books,17.62,4,0,70.48
2024-08-26,West,Books,19.51,2,0,39.02
2024-08-26,East,Electronics,232.4,1,0,232.4
2024-08-26,West,Books,16.04,1,5,15.24
2024-08-26,West,Home & Garden,61.91,2,0,123.82
2024-08-26,West,Clothing,55.49,3,20,133.19
2024-08-26,West,Sports,65.34,4,0,261.36
2024-08-26,North,Clothing,70.76,2,0,141.52
2024-08-26,West,Electronics,250.71,2,20,401.13
2024-08-26,West,Clothing,52.61,4,0,210.42
2024-08-26,South,Books,14.61,2,0,29.21
2024-08-26,South,Electronics,302.08,4,10,1087.48
2024-08-26,North,Clothing,49.44,1,0,49.44
2024-08-26,South,Sports,52.11,2,0,104.22
2024-08-26,South,Home & Garden,79.03,3,0,237.1
2024-08-26,South,Home & Garden,69.89,3,0,209.67
2024-08-26,East,Clothing,47.54,1,0,47.54
2024-08-26,South,Home & Garden,52.97,4,0,211.88
2024-08-27,North,Electronics,307.85,2,5,584.92
2024-08-27,West,Sports,38.09,4,5,144.74
2024-08-27,South,Electronics,270.95,3,0,812.84
2024-08-27,West,Electronics,272.79,1,0,272.79
2024-08-27,West,Electronics,252.32,1,20,201.86
2024-08-27,South,Home & Garden,52.27,1,0,52.27
2024-08-27,West,Books,21.83,1,10,19.65
2024-08-27,West,Electronics,282.54,2,0,565.08
2024-08-27,North,Home & Garden,129.03,4,0,516.14
2024-08-27,South,Books,14.57,1,0,14.57
2024-08-27,South,Clothing,36.1,4,5,137.2
2024-08-27,South,Books,12.72,1,0,12.72
2024-08-27,East,Electronics,246.49,2,0,492.97
2024-08-27,North,Books,19.53,1,0,19.53
2024-08-28,South,Books,17.32,4,0,69.3
2024-08-28,West,Home & Garden,75.73,1,0,75.73
2024-08-28,North,Electronics,304.61,3,5,868.13
2024-08-28,East,Electronics,245.96,2,0,491.93
2024-08-28,East,Electronics,358.13,2,20,573.01
2024-08-28,South,Home & Garden,46.41,1,0,46.41
2024-08-28,South,Books,18.75,3,0,56.26
2024-08-28,North,Electronics,179.37,2,0,358.75
2024-08-28,South,Sports,64.35,1,0,64.35
2024-08-28,North,Electronics,267.38,3,15,681.82
2024-08-28,North,Clothing,60.11,1,10,54.1
2024-08-28,South,Sports,74.75,3,0,224.26
2024-08-28,East,Electronics,264.21,2,0,528.41
2024-08-28,South,Sports,43.64,3,20,104.75
2024-08-28,North,Sports,63.12,1,0,63.12
2024-08-28,West,Home & Garden,89.55,2,5,170.15
2024-08-28,West,Electronics,211.97,3,0,635.92
2024-08-28,North,Clothing,49.57,1,10,44.62
2024-08-28,East,Books,14.95,4,0,59.78
2024-08-28,West,Clothing,47.26,2,5,89.79
2024-08-28,South,Clothing,47.75,3,10,128.94
2024-08-29,West,Books,18.75,4,0,75.02
2024-08-29,South,Clothing,60.01,3,0,180.02
2024-08-29,North,Home & Garden,85.33,4,0,341.33
2024-08-29,North,Home & Garden,84.91,1,0,84.91
2024-08-29,North,Clothing,56.87,1,0,56.87
2024-08-29,North,Clothing,63.81,4,15,216.97
2024-08-29,South,Clothing,52.55,3,20,126.13
2024-08-29,West,Books,25.26,2,10,45.46
2024-08-29,North,Home & Garden,63.42,1,0,63.42
2024-08-29,North,Electronics,198.11,3,0,594.34
2024-08-29,East,Books,29.83,2,0,59.66
2024-08-29,East,Electronics,197.75,1,5,187.87
2024-08-29,East,Clothing,26.89,3,0,80.66
2024-08-29,West,Books,17.68,2,10,31.82
2024-08-29,South,Home & Garden,70.59,1,0,70.59
2024-08-29,North,Electronics,165.56,1,5,157.28
2024-08-29,North,Books,15.81,3,15,40.31
2024-08-30,East,Electronics,241.91,2,0,483.81
2024-08-30,North,Clothing,81.18,4,0,324.72
2024-08-30,South,Home & Garden,67.65,2,0,135.31
2024-08-30,North,Home & Garden,67.62,3,0,202.86
2024-08-30,West,Sports,47.72,1,0,47.72
2024-08-30,South,Electronics,236.73,1,0,236.73
2024-08-30,West,Clothing,35.03,4,0,140.13
2024-08-30,South,Clothing,25.25,4,10,90.89
2024-08-30,East,Electronics,232.16,1,0,232.16
2024-08-30,East,Electronics,264.07,2,10,475.33
2024-08-30,West,Home & Garden,107.98,4,5,410.33
2024-08-30,North,Clothing,51.98,2,0,103.97
2024-08-30,South,Clothing,50.6,3,0,151.79
2024-08-30,East,Books,20.16,4,0,80.65
2024-08-30,North,Home & Garden,122.82,2,0,245.64
2024-08-30,North,Clothing,45.16,4,0,180.65
2024-08-30,East,Home & Garden,46.33,4,0,185.3
2024-08-30,North,Electronics,295.68,2,0,591.37
2024-08-30,North,Home & Garden,67.0,4,0,267.99
2024-08-30,North,Electronics,221.75,2,0,443.51
2024-08-31,North,Clothing,51.6,2,0,103.2
2024-08-31,North,Electronics,125.4,1,10,112.86
2024-08-31,North,Electronics,377.17,1,0,377.17
2024-08-31,North,Electronics,301.35,2,0,602.7
2024-08-31,East,Electronics,354.08,1,0,354.08
2024-08-31,East,Electronics,380.96,1,0,380.96
2024-08-31,East,Electronics,270.81,1,15,230.19
2024-08-31,North,Home & Garden,86.53,1,10,77.88
2024-08-31,East,Home & Garden,70.86,4,0,283.44
2024-08-31,West,Home & Garden,85.19,2,5,161.87
2024-08-31,West,Clothing,41.71,1,10,37.54
2024-08-31,East,Sports,70.06,1,0,70.06
2024-08-31,West,Electronics,340.21,4,0,1360.82
2024-08-31,North,Electronics,263.29,1,5,250.13
2024-08-31,North,Electronics,119.85,3,0,359.54
2024-08-31,West,Books,26.77,4,0,107.07
2024-08-31,North,Home & Garden,67.86,4,10,244.29
2024-08-31,North,Home & Garden,99.57,1,0,99.57
2024-08-31,South,Clothing,41.45,1,0,41.45
2024-08-31,North,Clothing,55.65,3,0,166.95
2024-08-31,North,Electronics,338.98,2,15,576.26
2024-08-31,North,Books,25.94,2,0,51.88
2024-09-01,North,Electronics,268.52,2,0,537.04
2024-09-01,West,Books,20.47,2,0,40.95
2024-09-01,North,Clothing,51.35,1,10,46.21
2024-09-01,North,Home & Garden,86.23,3,0,258.68
2024-09-01,East,Sports,73.22,3,10,197.68
2024-09-01,North,Clothing,57.22,1,0,57.22
2024-09-01,North,Sports,68.09,1,5,64.68
2024-09-01,South,Sports,55.0,3,10,148.51
2024-09-01,North,Clothing,40.06,1,0,40.06
2024-09-01,West,Home & Garden,129.68,1,0,129.68
2024-09-01,West,Electronics,261.62,4,0,1046.48
2024-09-01,North,Home & Garden,61.17,1,5,58.12
2024-09-01,South,Electronics,215.53,4,20,689.69
2024-09-01,East,Electronics,253.31,4,10,911.91
2024-09-01,North,Books,22.38,2,0,44.75
2024-09-01,East,Clothing,53.89,1,0,53.89
2024-09-01,East,Clothing,25.72,4,15,87.45
2024-09-01,North,Sports,53.0,1,5,50.35
2024-09-01,North,Clothing,61.25,3,0,183.75
2024-09-01,North,Clothing,62.76,2,0,125.51
2024-09-01,East,Electronics,253.47,4,5,963.18
2024-09-01,East,Sports,63.64,4,15,216.39
2024-09-01,East,Electronics,183.01,2,10,329.41
2024-09-01,North,Sports,62.74,2,0,125.49
2024-09-01,East,Electronics,315.83,4,0,1263.33
2024-09-01,North,Books,30.65,4,20,98.08
2024-09-01,East,Books,22.01,1,0,22.01
2024-09-01,East,Books,23.25,2,10,41.85
2024-09-01,South,Clothing,50.77,2,5,96.47
2024-09-02,North,Books,21.24,2,0,42.47
2024-09-02,South,Electronics,276.18,4,0,1104.72
2024-09-02,North,Sports,54.46,1,10,49.01
2024-09-02,South,Books,22.4,2,0,44.8
2024-09-02,East,Home & Garden,94.32,1,0,94.32
2024-09-02,North,Books,12.86,3,20,30.87
2024-09-02,South,Clothing,50.95,1,0,50.95
2024-09-02,West,Sports,63.64,4,0,254.56
2024-09-02,South,Books,17.03,2,0,34.06
2024-09-02,North,Books,16.73,2,0,33.46
2024-09-02,East,Clothing,50.43,2,10,90.77
2024-09-02,West,Home & Garden,68.26,3,5,194.55
2024-09-03,West,Clothing,31.46,1,0,31.46
2024-09-03,South,Sports,62.24,2,0,124.47
2024-09-03,South,Clothing,41.41,2,0,82.83
2024-09-03,North,Books,13.39,1,20,10.72
2024-09-03,West,Clothing,56.1,1,0,56.1
2024-09-03,West,Home & Garden,74.16,1,0,74.16
2024-09-03,South,Electronics,297.07,2,0,594.13
2024-09-03,East,Sports,55.57,1,0,55.57
2024-09-03,East,Clothing,51.91,1,10,46.72
2024-09-03,North,Sports,49.99,4,5,189.98
2024-09-03,West,Electronics,192.84,3,0,578.52
2024-09-04,South,Home & Garden,94.14,1,0,94.14
2024-09-04,West,Sports,63.75,3,0,191.24
2024-09-04,West,Home & Garden,39.97,4,0,159.86
2024-09-04,East,Clothing,39.61,2,0,79.21
2024-09-04,South,Home & Garden,70.02,3,0,210.06
2024-09-04,South,Books,11.2,1,5,10.64
2024-09-04,North,Clothing,49.89,2,5,94.8
2024-09-04,North,Home & Garden,77.42,4,20,247.74
2024-09-04,West,Sports,57.76,2,0,115.52
2024-09-04,East,Electronics,89.62,2,0,179.24
2024-09-04,South,Books,13.3,2,0,26.6
2024-09-05,North,Sports,61.46,4,0,245.84
2024-09-05,East,Home & Garden,66.86,2,0,133.73
2024-09-05,East,Clothing,63.86,4,15,217.11
2024-09-05,South,Electronics,262.75,1,0,262.75
2024-09-05,North,Sports,66.46,4,10,239.27
2024-09-05,North,Electronics,224.83,4,5,854.37
2024-09-05,South,Home & Garden,69.86,1,0,69.86
2024-09-05,East,Electronics,214.18,2,0,428.35
2024-09-05,South,Electronics,322.28,3,0,966.85
2024-09-05,East,Electronics,176.35,2,0,352.71
2024-09-05,East,Home & Garden,58.08,4,0,232.32
2024-09-05,South,Clothing,15.22,1,5,14.46
2024-09-05,East,Sports,54.55,1,10,49.09
2024-09-05,South,Home & Garden,80.93,2,0,161.87
2024-09-05,North,Books,16.5,4,5,62.71
2024-09-06,East,Home & Garden,86.23,4,0,344.9
2024-09-06,West,Electronics,200.22,4,20,640.7
2024-09-06,South,Electronics,166.57,2,0,333.15
2024-09-06,East,Sports,58.14,3,0,174.42
2024-09-06,North,Home & Garden,82.17,4,0,328.69
2024-09-06,South,Home & Garden,56.47,1,0,56.47
2024-09-06,East,Sports,56.38,3,0,169.15
2024-09-06,South,Home & Garden,85.48,4,0,341.91
2024-09-06,East,Electronics,256.14,1,0,256.14
2024-09-06,North,Clothing,35.37,3,0,106.12
2024-09-06,South,Electronics,319.63,1,0,319.63
2024-09-06,North,Clothing,38.34,3,0,115.03
2024-09-06,South,Sports,61.48,1,10,55.34
2024-09-06,West,Books,20.85,3,0,62.54
2024-09-06,East,Clothing,24.66,3,0,73.97
2024-09-06,South,Books,19.3,3,5,55.01
2024-09-06,North,Clothing,47.39,4,0,189.57
2024-09-06,South,Electronics,227.88,1,0,227.88
2024-09-06,East,Electronics,255.42,2,15,434.21
2024-09-06,South,Electronics,296.44,3,0,889.31
2024-09-06,West,Home & Garden,103.23,1,0,103.23
2024-09-07,North,Books,25.29,2,5,48.06
2024-09-07,West,Home & Garden,91.81,2,0,183.63
2024-09-07,North,Electronics,161.94,2,0,323.88
2024-09-07,North,Books,18.63,3,0,55.89
2024-09-07,East,Clothing,41.36,1,15,35.15
2024-09-07,West,Clothing,64.78,3,10,174.89
2024-09-07,East,Clothing,38.58,4,0,154.33
2024-09-07,South,Home & Garden,96.64,2,0,193.27
2024-09-07,West,Electronics,295.11,1,5,280.35
2024-09-07,East,Clothing,53.11,4,0,212.45
2024-09-07,South,Clothing,47.88,3,0,143.65
2024-09-07,North,Clothing,60.48,2,0,120.97
2024-09-07,South,Books,21.52,1,0,21.52
2024-09-07,South,Sports,51.47,1,0,51.47
2024-09-07,South,Electronics,232.04,4,0,928.16
2024-09-07,East,Home & Garden,83.76,3,10,226.16
2024-09-07,South,Electronics,364.69,1,0,364.69
2024-09-07,East,Clothing,37.23,4,0,148.93
2024-09-07,East,Clothing,49.96,2,10,89.93
2024-09-07,North,Clothing,46.84,2,0,93.68
2024-09-07,South,Home & Garden,95.82,1,0,95.82
2024-09-07,South,Clothing,52.99,2,15,90.09
2024-09-07,South,Sports,44.16,4,15,150.15
2024-09-07,North,Clothing,41.4,1,5,39.33
2024-09-08,North,Books,21.91,2,0,43.83
2024-09-08,West,Home & Garden,39.67,1,0,39.67
2024-09-08,South,Sports,64.73,3,0,194.2
2024-09-08,South,Clothing,40.94,1,0,40.94
2024-09-08,South,Books,26.94,4,0,107.77
2024-09-08,East,Clothing,49.4,3,0,148.21
2024-09-08,West,Books,16.73,4,0,66.91
2024-09-08,North,Clothing,43.88,4,0,175.51
2024-09-08,West,Books,23.73,2,0,47.45
2024-09-08,West,Sports,58.01,4,0,232.05
2024-09-08,South,Clothing,45.95,1,10,41.36
2024-09-08,North,Clothing,28.18,4,10,101.44
2024-09-08,South,Electronics,172.64,2,15,293.48
2024-09-08,South,Clothing,48.58,3,0,145.74
2024-09-08,East,Electronics,229.46,1,5,217.99
2024-09-09,East,Books,27.54,3,0,82.63
2024-09-09,North,Books,16.36,2,0,32.71
2024-09-09,South,Home & Garden,70.59,4,0,282.36
2024-09-09,South,Sports,38.81,3,0,116.43
2024-09-09,North,Sports,39.24,1,15,33.36
2024-09-09,South,Sports,78.39,2,0,156.78
2024-09-09,South,Sports,55.36,4,15,188.22
2024-09-09,North,Sports,73.52,1,0,73.52
2024-09-09,North,Electronics,195.83,1,0,195.83
2024-09-09,South,Clothing,36.46,1,0,36.46
2024-09-09,North,Electronics,217.51,3,0,652.53
2024-09-09,West,Clothing,47.12,3,0,141.36
2024-09-09,South,Electronics,283.99,1,15,241.39
2024-09-09,North,Electronics,271.69,3,15,692.8
2024-09-10,North,Home & Garden,104.39,2,10,187.9
2024-09-10,South,Electronics,207.73,3,0,623.18
2024-09-10,South,Electronics,301.59,1,5,286.51
2024-09-10,North,Sports,64.31,2,0,128.62
2024-09-10,West,Sports,78.61,3,0,235.84
2024-09-10,South,Clothing,48.6,1,0,48.6
2024-09-10,East,Electronics,196.39,2,0,392.79
2024-09-10,West,Books,18.74,1,0,18.74
2024-09-10,East,Home & Garden,101.73,4,0,406.92
2024-09-10,South,Books,22.62,1,0,22.62
2024-09-10,West,Books,11.34,1,0,11.34
2024-09-10,West,Sports,69.25,1,0,69.25
2024-09-11,West,Sports,68.31,2,10,122.96
2024-09-11,South,Electronics,300.57,3,0,901.7
2024-09-11,North,Electronics,280.27,3,0,840.81
2024-09-11,North,Books,16.71,2,5,31.75
2024-09-11,South,Sports,36.91,3,10,99.65
2024-09-11,South,Clothing,31.56,3,0,94.68
2024-09-11,East,Electronics,271.58,3,0,814.75
2024-09-11,South,Sports,60.15,3,0,180.45
2024-09-11,South,Books,22.6,1,0,22.6
2024-09-11,North,Clothing,31.95,3,0,95.85
2024-09-11,West,Sports,55.16,1,0,55.16
2024-09-11,North,Clothing,31.35,4,0,125.41
2024-09-11,West,Books,13.09,2,0,26.18
2024-09-11,South,Sports,35.82,4,0,143.3
2024-09-11,South,Clothing,40.68,1,0,40.68
2024-09-11,West,Clothing,47.9,2,0,95.81
2024-09-11,South,Electronics,337.64,3,0,1012.91
2024-09-11,North,Sports,66.42,4,0,265.7
2024-09-11,North,Books,17.2,4,0,68.8
2024-09-11,North,Electronics,253.33,3,10,684.0
2024-09-11,North,Electronics,107.99,1,20,86.39
2024-09-12,East,Sports,36.17,2,0,72.33
2024-09-12,South,Clothing,44.77,3,0,134.31
2024-09-12,North,Electronics,171.4,1,0,171.4
2024-09-12,North,Electronics,152.24,1,0,152.24
2024-09-12,North,Sports,63.37,4,0,253.49
2024-09-12,South,Sports,68.82,2,0,137.65
2024-09-12,West,Clothing,46.15,3,0,138.45
2024-09-12,North,Books,16.42,2,0,32.85
2024-09-12,East,Sports,63.78,3,0,191.35
2024-09-12,South,Home & Garden,72.1,3,0,216.31
2024-09-12,East,Home & Garden,80.27,1,20,64.21
2024-09-12,South,Books,14.95,3,0,44.86
2024-09-12,East,Electronics,388.67,2,0,777.34
2024-09-12,East,Books,15.79,3,10,42.64
2024-09-13,South,Sports,74.65,3,15,190.36
2024-09-13,East,Books,26.23,3,0,78.69
2024-09-13,North,Electronics,269.43,2,5,511.91
2024-09-13,West,Clothing,54.29,4,20,173.71
2024-09-13,East,Books,29.82,3,0,89.47
2024-09-13,North,Clothing,33.78,1,0,33.78
2024-09-13,North,Sports,68.51,4,0,274.02
2024-09-13,East,Books,24.55,3,15,62.6
2024-09-13,East,Home & Garden,93.11,4,5,353.8
2024-09-13,South,Sports,58.11,2,0,116.22
2024-09-13,North,Sports,64.9,4,0,259.6
2024-09-13,East,Home & Garden,67.89,3,0,203.66
2024-09-13,North,Clothing,51.05,1,10,45.95
2024-09-13,South,Books,25.81,3,0,77.44
2024-09-13,North,Sports,50.7,2,0,101.4
2024-09-13,South,Sports,63.19,4,0,252.77
2024-09-13,East,Home & Garden,68.61,3,0,205.82
2024-09-13,West,Home & Garden,109.15,4,20,349.28
2024-09-13,West,Clothing,52.72,2,10,94.9
2024-09-13,North,Clothing,48.18,1,0,48.18
2024-09-14,South,Electronics,269.24,3,0,807.73
2024-09-14,East,Home & Garden,91.73,2,0,183.46
2024-09-14,South,Clothing,53.45,4,10,192.42
2024-09-14,South,Books,22.19,1,10,19.97
2024-09-14,South,Home & Garden,115.25,4,0,460.99
2024-09-14,North,Books,30.11,1,0,30.11
2024-09-14,West,Books,22.63,3,0,67.9
2024-09-14,South,Home & Garden,75.24,1,0,75.24
2024-09-14,North,Clothing,46.76,3,0,140.28
2024-09-14,North,Books,20.89,2,0,41.77
2024-09-14,South,Sports,59.98,1,15,50.99
2024-09-14,West,Sports,80.14,1,0,80.14
2024-09-14,West,Electronics,365.44,3,20,877.06
2024-09-14,West,Books,13.34,2,0,26.68
2024-09-14,East,Home & Garden,87.96,3,0,263.89
2024-09-14,North,Books,22.21,4,0,88.85
2024-09-14,South,Electronics,192.36,2,0,384.73
2024-09-14,North,Home & Garden,52.24,1,0,52.24
2024-09-14,North,Electronics,321.17,4,20,1027.74
2024-09-14,West,Clothing,61.55,4,0,246.21
2024-09-14,West,Electronics,212.34,3,0,637.03
2024-09-14,North,Electronics,202.81,2,20,324.5
2024-09-15,South,Electronics,368.54,3,0,1105.61
2024-09-15,South,Electronics,270.81,3,0,812.44
2024-09-15,North,Home & Garden,79.41,4,0,317.63
2024-09-15,East,Books,17.6,2,5,33.45
2024-09-15,East,Clothing,33.43,1,0,33.43
2024-09-15,South,Clothing,55.59,4,0,222.35
2024-09-15,South,Clothing,31.63,1,0,31.63
2024-09-15,South,Books,13.08,2,0,26.16
2024-09-15,South,Books,18.96,3,5,54.04
2024-09-15,West,Sports,57.54,1,0,57.54
2024-09-15,South,Home & Garden,93.63,1,20,74.9
2024-09-15,East,Clothing,22.01,4,0,88.03
2024-09-15,West,Home & Garden,97.54,3,15,248.71
2024-09-15,West,Electronics,241.45,4,0,965.79
2024-09-15,South,Electronics,235.9,1,0,235.9
2024-09-15,South,Clothing,54.66,2,0,109.32
2024-09-15,East,Electronics,283.94,2,0,567.87
2024-09-15,North,Clothing,53.13,4,0,212.51
2024-09-15,South,Electronics,197.23,3,10,532.52
2024-09-15,East,Electronics,317.6,3,0,952.8
2024-09-15,South,Electronics,349.34,4,0,1397.36
2024-09-15,South,Sports,75.81,1,20,60.64
2024-09-15,South,Home & Garden,96.55,3,15,246.2
2024-09-15,West,Sports,60.84,3,0,182.51
2024-09-15,North,Home & Garden,93.3,4,0,373.18
2024-09-15,South,Books,24.8,2,0,49.6
2024-09-15,East,Books,18.1,3,5,51.59
2024-09-15,South,Electronics,211.49,2,0,422.98
2024-09-15,East,Clothing,40.58,2,0,81.16
2024-09-15,West,Sports,51.02,4,0,204.09
2024-09-15,North,Home & Garden,111.74,1,0,111.74
2024-09-15,East,Clothing,67.27,3,0,201.82
2024-09-16,South,Electronics,261.64,3,0,784.91
2024-09-16,North,Electronics,96.01,1,0,96.01
2024-09-16,East,Electronics,131.01,3,15,334.07
2024-09-16,North,Home & Garden,109.75,1,0,109.75
2024-09-16,West,Electronics,285.11,3,0,855.32
2024-09-16,East,Sports,35.66,1,0,35.66
2024-09-16,West,Electronics,160.38,1,0,160.38
2024-09-16,East,Electronics,321.31,2,0,642.62
2024-09-16,North,Clothing,50.08,2,0,100.16
2024-09-16,East,Sports,35.82,3,0,107.45
2024-09-16,South,Home & Garden,104.53,3,0,313.6
2024-09-16,South,Electronics,174.74,2,0,349.49
2024-09-16,West,Home & Garden,58.77,2,10,105.79
2024-09-16,North,Clothing,62.93,4,0,251.73
2024-09-16,South,Clothing,56.15,1,0,56.15
2024-09-16,East,Books,25.47,3,0,76.42
2024-09-16,West,Books,25.66,2,0,51.33
2024-09-16,North,Sports,74.54,2,0,149.08
2024-09-16,West,Home & Garden,94.67,2,0,189.34
2024-09-16,East,Clothing,48.62,1,0,48.62
2024-09-16,North,Sports,48.28,2,0,96.56
2024-09-16,West,Sports,57.64,2,0,115.27
2024-09-17,North,Clothing,36.87,4,5,140.1
2024-09-17,West,Books,19.06,3,0,57.17
2024-09-17,South,Clothing,40.37,1,0,40.37
2024-09-17,South,Home & Garden,83.2,4,0,332.8
2024-09-17,East,Electronics,287.24,4,0,1148.94
2024-09-17,South,Home & Garden,99.42,4,0,397.69
2024-09-17,North,Books,12.98,2,0,25.96
2024-09-17,West,Clothing,68.79,1,15,58.48
2024-09-17,West,Electronics,281.77,3,0,845.32
2024-09-17,North,Clothing,47.01,3,0,141.04
2024-09-17,North,Sports,58.96,2,10,106.12
2024-09-17,East,Electronics,309.17,4,0,1236.69
2024-09-17,North,Books,8.35,1,20,6.68
2024-09-18,East,Sports,71.89,2,0,143.79
2024-09-18,South,Books,22.85,4,0,91.38
2024-09-18,North,Clothing,42.79,1,0,42.79
2024-09-18,East,Sports,62.52,4,0,250.1
2024-09-18,West,Books,15.98,3,0,47.94
2024-09-18,South,Home & Garden,95.96,3,5,273.48
2024-09-18,North,Clothing,43.6,1,0,43.6
2024-09-18,North,Clothing,53.45,4,5,203.13
2024-09-18,North,Clothing,41.26,4,0,165.05
2024-09-18,North,Electronics,339.14,3,0,1017.42
2024-09-18,North,Clothing,53.83,4,20,172.25
2024-09-18,East,Home & Garden,99.35,2,0,198.7
2024-09-18,North,Clothing,46.36,4,0,185.45
2024-09-18,South,Sports,56.92,4,20,182.13
2024-09-18,North,Sports,62.12,2,10,111.82
2024-09-18,South,Books,26.07,2,15,44.32
2024-09-18,East,Electronics,356.86,3,0,1070.57
2024-09-18,East,Books,23.88,4,0,95.5
2024-09-18,North,Home & Garden,40.33,1,0,40.33
2024-09-19,North,Books,22.86,3,0,68.57
2024-09-19,East,Clothing,60.87,3,10,164.34
2024-09-19,East,Books,17.33,2,5,32.93
2024-09-19,East,Home & Garden,103.57,1,0,103.57
2024-09-19,East,Books,10.58,4,0,42.31
2024-09-19,East,Electronics,307.86,4,0,1231.45
2024-09-19,North,Home & Garden,78.36,3,0,235.09
2024-09-19,South,Home & Garden,96.98,3,0,290.94
2024-09-19,North,Books,15.86,4,5,60.27
2024-09-19,East,Clothing,41.76,3,0,125.29
2024-09-19,East,Home & Garden,72.32,4,0,289.3
2024-09-19,East,Sports,78.56,2,0,157.11
2024-09-19,North,Clothing,52.42,4,0,209.66
2024-09-19,North,Clothing,54.25,4,0,217.0
2024-09-19,East,Sports,64.01,4,20,204.83
2024-09-20,West,Clothing,41.9,2,0,83.81
2024-09-20,South,Electronics,278.68,2,0,557.37
2024-09-20,North,Clothing,45.79,3,0,137.36
2024-09-20,South,Sports,64.62,1,5,61.39
2024-09-20,West,Home & Garden,37.7,1,15,32.05
2024-09-20,South,Sports,56.2,1,5,53.39
2024-09-20,East,Books,24.08,2,0,48.16
2024-09-20,North,Electronics,265.81,4,5,1010.07
2024-09-20,East,Sports,76.86,3,0,230.58
2024-09-20,East,Clothing,31.97,4,0,127.89
2024-09-20,North,Electronics,262.18,1,0,262.18
2024-09-20,South,Clothing,37.16,2,5,70.6
2024-09-20,North,Clothing,39.08,4,0,156.32
2024-09-20,South,Clothing,29.28,4,0,117.13
2024-09-20,East,Clothing,43.17,3,0,129.51
2024-09-20,North,Home & Garden,86.7,4,0,346.82
2024-09-21,North,Home & Garden,79.93,2,0,159.86
2024-09-21,North,Sports,29.76,1,0,29.76
2024-09-21,South,Clothing,43.47,1,0,43.47
2024-09-21,North,Sports,57.04,2,0,114.07
2024-09-21,North,Home & Garden,79.87,1,0,79.87
2024-09-21,West,Books,13.16,4,5,50.03
2024-09-21,South,Sports,45.51,4,0,182.03
2024-09-21,South,Books,28.73,1,0,28.73
2024-09-21,South,Books,16.14,2,10,29.05
2024-09-21,West,Clothing,43.88,3,0,131.65
2024-09-21,West,Electronics,167.55,3,10,452.39
2024-09-21,North,Home & Garden,76.86,4,0,307.43
2024-09-21,West,Home & Garden,81.92,2,0,163.83
2024-09-21,South,Books,16.66,3,5,47.49
2024-09-21,East,Home & Garden,64.17,4,15,218.18
2024-09-21,North,Electronics,176.13,3,0,528.39
2024-09-21,South,Books,25.3,3,5,72.1
2024-09-21,North,Electronics,235.16,4,0,940.65
2024-09-21,East,Electronics,196.49,2,0,392.99
2024-09-21,North,Home & Garden,60.91,4,0,243.62
2024-09-21,South,Books,19.58,1,0,19.58
2024-09-21,South,Sports,41.95,3,0,125.86
2024-09-21,North,Books,25.54,2,0,51.07
2024-09-21,West,Clothing,59.69,2,0,119.38
2024-09-21,East,Electronics,281.04,4,10,1011.73
2024-09-21,North,Home & Garden,70.33,4,0,281.32
2024-09-21,East,Home & Garden,104.66,2,0,209.32
2024-09-21,South,Clothing,41.21,4,15,140.12
2024-09-22,North,Clothing,36.59,3,20,87.81
2024-09-22,East,Electronics,182.26,1,0,182.26
2024-09-22,North,Books,21.43,1,0,21.43
2024-09-22,South,Clothing,59.91,2,0,119.82
2024-09-22,West,Electronics,200.8,1,10,180.72
2024-09-22,West,Electronics,280.05,3,0,840.15
2024-09-22,West,Home & Garden,47.89,3,20,114.93
2024-09-22,West,Clothing,44.14,2,5,83.87
2024-09-22,North,Clothing,42.02,4,10,151.28
2024-09-22,North,Clothing,15.41,1,10,13.87
2024-09-22,South,Electronics,318.28,3,0,954.85
2024-09-22,East,Books,23.0,2,15,39.1
2024-09-22,West,Home & Garden,95.68,1,0,95.68
2024-09-22,West,Clothing,50.04,3,0,150.13
2024-09-22,South,Sports,61.87,1,0,61.87
2024-09-22,South,Sports,61.45,2,15,104.47
2024-09-22,South,Sports,58.05,4,0,232.21
2024-09-22,West,Clothing,37.35,1,0,37.35
2024-09-22,West,Sports,63.6,3,5,181.25
2024-09-22,East,Electronics,318.98,1,0,318.98
2024-09-22,West,Electronics,325.97,4,0,1303.88
2024-09-22,East,Electronics,184.14,3,0,552.41
2024-09-22,North,Electronics,202.02,4,0,808.07
2024-09-22,West,Clothing,61.26,3,10,165.41
2024-09-22,South,Clothing,40.49,2,0,80.97
2024-09-22,South,Books,23.88,2,0,47.76
2024-09-22,East,Books,14.98,3,15,38.21
2024-09-22,North,Sports,45.47,3,5,129.58
2024-09-22,West,Books,21.44,4,0,85.74
2024-09-23,South,Home & Garden,79.18,4,5,300.89
2024-09-23,North,Electronics,124.28,3,10,335.56
2024-09-23,West,Clothing,55.45,4,0,221.81
2024-09-23,South,Home & Garden,89.87,1,0,89.87
2024-09-23,East,Home & Garden,50.63,3,0,151.88
2024-09-23,North,Clothing,27.45,2,5,52.15
2024-09-23,West,Books,29.27,4,0,117.09
2024-09-23,West,Electronics,201.79,3,0,605.38
2024-09-23,East,Electronics,202.38,3,0,607.13
2024-09-23,South,Books,19.21,3,0,57.64
2024-09-23,North,Clothing,55.54,2,10,99.97
2024-09-23,South,Clothing,39.91,4,0,159.62
2024-09-23,North,Electronics,217.38,2,0,434.77
2024-09-23,West,Books,23.78,3,5,67.78
2024-09-23,East,Clothing,42.7,2,0,85.39
2024-09-23,North,Clothing,48.88,2,0,97.77
2024-09-23,West,Clothing,45.6,4,0,182.4
2024-09-23,East,Home & Garden,72.26,4,0,289.04
2024-09-23,East,Home & Garden,111.38,3,10,300.74
2024-09-24,East,Clothing,45.1,2,0,90.21
2024-09-24,North,Clothing,36.61,2,0,73.23
2024-09-24,South,Clothing,52.36,4,0,209.46
2024-09-24,South,Home & Garden,72.07,4,5,273.85
2024-09-24,South,Electronics,330.87,4,0,1323.47
2024-09-24,East,Clothing,61.12,3,0,183.37
2024-09-24,South,Sports,68.06,2,15,115.7
2024-09-24,South,Electronics,292.05,3,5,832.33
2024-09-24,West,Clothing,52.24,3,15,133.22
2024-09-24,West,Home & Garden,123.51,2,0,247.01
2024-09-24,West,Home & Garden,65.64,1,10,59.08
2024-09-24,West,Home & Garden,68.01,3,20,163.21
2024-09-24,East,Sports,58.9,1,0,58.9
2024-09-25,West,Sports,44.47,1,10,40.02
2024-09-25,North,Clothing,46.57,4,10,167.66
2024-09-25,South,Books,27.27,4,0,109.07
2024-09-25,West,Home & Garden,78.05,2,0,156.1
2024-09-25,East,Electronics,385.68,4,0,1542.72
2024-09-25,North,Clothing,26.11,1,5,24.8
2024-09-25,East,Home & Garden,99.5,4,0,398.01
2024-09-25,East,Clothing,47.34,1,10,42.61
2024-09-25,North,Books,13.02,2,5,24.74
2024-09-25,West,Electronics,223.06,2,0,446.11
2024-09-25,East,Home & Garden,95.55,1,0,95.55
2024-09-25,West,Electronics,231.87,3,20,556.49
2024-09-25,East,Books,12.69,2,20,20.3
2024-09-25,East,Electronics,212.8,2,0,425.6
2024-09-25,South,Clothing,41.72,1,0,41.72
2024-09-25,East,Clothing,42.7,3,0,128.11
2024-09-25,West,Home & Garden,67.32,2,5,127.9
2024-09-25,East,Sports,78.28,4,0,313.12
2024-09-25,South,Home & Garden,73.0,2,0,145.99
2024-09-26,West,Books,25.76,3,0,77.27
2024-09-26,North,Electronics,268.33,4,0,1073.34
2024-09-26,South,Electronics,226.6,4,15,770.44
2024-09-26,North,Sports,57.57,1,0,57.57
2024-09-26,East,Books,24.72,2,0,49.44
2024-09-26,East,Electronics,232.27,4,0,929.06
2024-09-26,East,Electronics,187.5,1,0,187.5
2024-09-26,East,Sports,79.76,1,10,71.78
2024-09-26,East,Electronics,174.8,2,0,349.61
2024-09-26,North,Clothing,43.12,1,5,40.96
2024-09-26,North,Sports,50.77,2,20,81.23
2024-09-27,South,Electronics,130.61,2,0,261.22
2024-09-27,North,Clothing,39.1,4,5,148.56
2024-09-27,South,Home & Garden,53.34,3,15,136.03
2024-09-27,South,Clothing,56.16,1,0,56.16
2024-09-27,North,Electronics,287.57,1,0,287.57
2024-09-27,West,Sports,77.37,1,0,77.37
2024-09-27,South,Books,23.77,3,0,71.31
2024-09-27,North,Home & Garden,102.19,3,0,306.56
2024-09-28,West,Electronics,178.8,4,0,715.2
2024-09-28,North,Clothing,50.04,3,0,150.12
2024-09-28,North,Clothing,49.73,4,20,159.15
2024-09-28,North,Books,17.41,3,10,47.0
2024-09-28,West,Clothing,38.48,2,5,73.11
2024-09-28,North,Electronics,197.43,3,0,592.29
2024-09-28,East,Electronics,240.05,1,0,240.05
2024-09-28,East,Home & Garden,105.18,2,0,210.36
2024-09-28,South,Electronics,194.55,4,0,778.21
2024-09-28,West,Electronics,229.5,4,0,917.99
2024-09-28,East,Clothing,53.98,3,0,161.95
2024-09-28,East,Clothing,39.43,4,10,141.96
2024-09-28,East,Books,13.58,1,0,13.58
2024-09-28,West,Electronics,239.41,3,20,574.59
2024-09-28,North,Sports,54.1,1,5,51.4
2024-09-28,West,Books,18.31,2,0,36.62
2024-09-28,North,Clothing,36.02,2,0,72.04
2024-09-28,East,Sports,59.1,3,0,177.31
2024-09-28,South,Home & Garden,74.51,2,0,149.02
2024-09-28,North,Sports,56.24,1,10,50.62
2024-09-28,North,Home & Garden,70.03,2,0,140.07
2024-09-28,South,Clothing,54.72,1,0,54.72
2024-09-28,East,Books,16.74,3,5,47.71
2024-09-28,East,Sports,68.5,1,5,65.07
2024-09-29,South,Clothing,48.09,1,0,48.09
2024-09-29,North,Home & Garden,123.94,4,20,396.62
2024-09-29,East,Clothing,36.08,3,0,108.23
2024-09-29,North,Electronics,182.68,2,0,365.35
2024-09-29,East,Books,23.32,1,0,23.32
2024-09-29,West,Clothing,45.16,4,15,153.54
2024-09-29,West,Clothing,45.74,2,0,91.47
2024-09-29,North,Clothing,52.81,2,10,95.06
2024-09-29,North,Clothing,28.7,3,0,86.11
2024-09-29,West,Electronics,241.07,1,10,216.96
2024-09-29,North,Sports,72.39,4,0,289.56
2024-09-29,North,Books,19.75,3,0,59.26
2024-09-29,South,Clothing,48.85,4,0,195.41
2024-09-29,West,Electronics,311.06,4,0,1244.23
2024-09-29,West,Electronics,263.17,3,0,789.5
2024-09-29,South,Clothing,48.34,4,0,193.37
2024-09-29,South,Electronics,308.66,4,0,1234.65
2024-09-29,West,Books,18.5,4,0,73.99
2024-09-29,North,Electronics,232.9,1,0,232.9
2024-09-29,South,Books,10.52,2,20,16.83
2024-09-29,North,Electronics,189.56,1,0,189.56
2024-09-29,South,Clothing,36.67,1,10,33.01
2024-09-29,South,Clothing,39.38,2,15,66.94
2024-09-29,South,Electronics,226.22,1,0,226.22
2024-09-29,East,Books,20.84,3,0,62.51
2024-09-29,East,Electronics,278.76,4,0,1115.03
2024-09-29,East,Clothing,43.12,1,0,43.12
2024-09-29,East,Electronics,215.66,4,0,862.65
2024-09-29,North,Home & Garden,65.21,3,0,195.63
2024-09-29,South,Books,15.91,2,0,31.82
2024-09-29,West,Sports,76.41,3,0,229.22
2024-09-29,East,Sports,71.76,3,15,182.99
2024-09-29,East,Home & Garden,80.58,1,0,80.58
2024-09-29,East,Clothing,53.51,2,0,107.02
2024-09-29,South,Electronics,287.97,2,0,575.94
2024-09-29,South,Books,15.03,4,15,51.11
2024-09-29,South,Sports,49.13,1,0,49.13
2024-09-29,East,Home & Garden,57.4,3,0,172.2
2024-09-30,North,Books,21.61,4,20,69.15
2024-09-30,North,Sports,54.93,2,20,87.88
2024-09-30,East,Sports,51.36,2,0,102.72
2024-09-30,West,Clothing,38.52,3,20,92.45
2024-09-30,South,Books,17.66,2,0,35.32
2024-09-30,East,Electronics,270.28,4,0,1081.13
2024-09-30,North,Clothing,31.87,2,15,54.17
2024-09-30,South,Books,20.17,2,0,40.35
2024-09-30,North,Sports,54.26,3,0,162.79
2024-09-30,South,Home & Garden,67.22,2,0,134.43
2024-09-30,North,Electronics,105.11,3,10,283.8
2024-09-30,South,Clothing,36.07,1,0,36.07
2024-09-30,North,Sports,90.72,3,0,272.15
2024-09-30,West,Home & Garden,114.45,4,5,434.93
2024-09-30,West,Clothing,51.51,3,0,154.54
2024-10-01,West,Sports,57.0,2,20,91.21
2024-10-01,West,Home & Garden,114.18,4,0,456.72
2024-10-01,East,Books,15.32,1,0,15.32
2024-10-01,North,Books,24.2,2,10,43.57
2024-10-01,West,Sports,57.72,3,0,173.16
2024-10-01,West,Home & Garden,86.78,1,0,86.78
2024-10-01,North,Electronics,223.22,2,0,446.45
2024-10-01,West,Sports,40.75,1,5,38.72
2024-10-01,South,Books,16.81,1,5,15.97
2024-10-01,North,Books,30.43,3,0,91.28
2024-10-01,South,Sports,80.4,4,0,321.62
2024-10-01,West,Clothing,35.03,2,10,63.06
2024-10-01,East,Home & Garden,83.03,4,15,282.31
2024-10-01,West,Clothing,34.4,1,0,34.4
2024-10-01,West,Home & Garden,72.18,1,0,72.18
2024-10-02,North,Books,17.86,4,0,71.44
2024-10-02,North,Clothing,38.05,4,10,136.97
2024-10-02,North,Clothing,42.86,2,0,85.72
2024-10-02,South,Home & Garden,60.47,2,0,120.93
2024-10-02,South,Sports,33.0,2,0,66.0
2024-10-02,East,Home & Garden,121.26,1,0,121.26
2024-10-02,North,Home & Garden,74.43,1,0,74.43
2024-10-02,South,Electronics,254.45,2,10,458.01
2024-10-02,North,Clothing,34.83,3,0,104.49
2024-10-02,North,Clothing,59.63,2,20,95.41
2024-10-02,West,Home & Garden,53.27,2,0,106.54
2024-10-02,North,Clothing,48.09,2,20,76.95
2024-10-02,North,Electronics,262.78,2,0,525.56
2024-10-02,North,Sports,77.94,4,0,311.76
2024-10-03,East,Electronics,349.32,1,0,349.32
2024-10-03,East,Clothing,39.21,2,5,74.49
2024-10-03,East,Clothing,67.26,3,0,201.78
2024-10-03,North,Sports,54.49,4,0,217.96
2024-10-03,West,Sports,53.98,4,0,215.92
2024-10-03,West,Sports,52.94,4,0,211.75
2024-10-03,East,Clothing,51.09,2,0,102.18
2024-10-03,East,Sports,52.88,1,10,47.59
2024-10-03,South,Sports,58.12,1,0,58.12
2024-10-03,North,Home & Garden,90.61,3,0,271.83
2024-10-03,North,Electronics,225.1,1,0,225.1
2024-10-03,West,Books,24.99,2,0,49.98
2024-10-03,North,Clothing,59.14,1,0,59.14
2024-10-03,North,Books,23.59,3,0,70.76
2024-10-03,East,Electronics,214.73,3,0,644.18
2024-10-03,North,Sports,74.0,2,5,140.6
2024-10-03,North,Home & Garden,67.77,1,0,67.77
2024-10-03,West,Clothing,54.69,3,0,164.08
2024-10-03,South,Electronics,293.34,2,5,557.36
2024-10-03,North,Home & Garden,55.95,3,10,151.06
2024-10-03,West,Home & Garden,76.3,3,0,228.91
2024-10-03,North,Clothing,50.62,2,5,96.17
2024-10-03,East,Electronics,217.38,3,5,619.54
2024-10-03,South,Electronics,326.7,1,15,277.69
2024-10-03,East,Clothing,21.07,3,0,63.2
2024-10-03,East,Home & Garden,87.84,1,0,87.84
2024-10-03,West,Sports,28.59,4,0,114.38
2024-10-03,East,Clothing,64.09,1,0,64.09
2024-10-03,South,Home & Garden,71.03,2,0,142.06
2024-10-03,North,Clothing,50.21,1,0,50.21
2024-10-04,East,Electronics,227.73,2,0,455.46
2024-10-04,West,Home & Garden,59.61,2,0,119.21
2024-10-04,East,Books,23.48,2,0,46.96
2024-10-04,North,Sports,63.58,4,20,203.45
2024-10-04,West,Clothing,56.73,4,0,226.93
2024-10-04,North,Clothing,57.46,2,0,114.93
2024-10-04,East,Clothing,39.2,3,0,117.59
2024-10-04,North,Books,25.77,2,5,48.97
2024-10-04,East,Clothing,43.61,4,0,174.45
2024-10-04,East,Electronics,208.89,1,0,208.89
2024-10-04,East,Sports,79.25,3,5,225.86
2024-10-04,South,Home & Garden,53.09,3,0,159.26
2024-10-04,East,Books,24.76,4,10,89.13
2024-10-04,South,Home & Garden,72.38,2,10,130.29
2024-10-04,East,Electronics,296.53,1,20,237.22
2024-10-04,West,Electronics,241.85,4,0,967.4
2024-10-05,East,Home & Garden,75.06,1,0,75.06
2024-10-05,North,Home & Garden,77.03,2,0,154.06
2024-10-05,South,Home & Garden,67.83,2,0,135.66
2024-10-05,East,Sports,86.19,4,0,344.76
2024-10-05,South,Sports,39.78,2,0,79.57
2024-10-05,East,Clothing,47.19,1,0,47.19
2024-10-05,South,Clothing,33.34,3,0,100.01
2024-10-05,South,Home & Garden,92.86,2,0,185.72
2024-10-05,South,Electronics,251.75,3,0,755.24
2024-10-05,East,Electronics,245.41,3,0,736.23
2024-10-05,East,Home & Garden,75.78,4,15,257.64
2024-10-05,North,Electronics,164.11,1,20,131.29
2024-10-05,East,Clothing,44.12,1,0,44.12
2024-10-05,North,Clothing,29.7,2,0,59.4
2024-10-05,East,Clothing,44.9,1,0,44.9
2024-10-05,North,Home & Garden,100.25,2,10,180.46
2024-10-05,North,Books,17.95,4,0,71.82
2024-10-05,North,Electronics,319.05,2,5,606.19
2024-10-05,North,Sports,90.33,2,0,180.65
2024-10-05,East,Books,23.04,1,0,23.04
2024-10-05,East,Sports,61.46,2,0,122.92
2024-10-05,West,Electronics,282.52,3,10,762.8
2024-10-05,West,Clothing,12.92,2,0,25.85
2024-10-05,East,Sports,53.06,2,20,84.89
2024-10-05,East,Clothing,52.57,4,5,199.75
2024-10-05,West,Clothing,27.1,4,15,92.14
2024-10-05,East,Clothing,52.72,3,0,158.16
2024-10-05,West,Electronics,277.85,1,0,277.85
2024-10-05,East,Sports,69.32,4,0,277.28
2024-10-05,East,Clothing,46.79,1,0,46.79
2024-10-06,East,Electronics,186.33,3,0,559.0
2024-10-06,South,Electronics,182.81,1,20,146.25
2024-10-06,North,Home & Garden,79.95,3,20,191.89
2024-10-06,East,Clothing,39.21,3,0,117.64
2024-10-06,West,Clothing,40.97,1,5,38.92
2024-10-06,East,Books,11.6,3,5,33.05
2024-10-06,West,Electronics,296.73,1,0,296.73
2024-10-06,North,Electronics,240.78,4,0,963.14
2024-10-06,West,Clothing,47.56,2,10,85.61
2024-10-06,North,Home & Garden,56.1,3,10,151.47
2024-10-06,West,Electronics,253.34,2,0,506.69
2024-10-06,South,Home & Garden,113.81,2,0,227.62
2024-10-06,North,Clothing,56.09,2,5,106.57
2024-10-06,South,Electronics,200.24,2,0,400.47
2024-10-06,South,Clothing,37.2,1,10,33.48
2024-10-06,West,Home & Garden,80.49,3,5,229.4
2024-10-06,East,Home & Garden,102.54,1,5,97.41
2024-10-06,South,Clothing,53.82,4,0,215.28
2024-10-06,South,Home & Garden,74.22,3,10,200.39
2024-10-06,West,Home & Garden,76.2,4,0,304.78
2024-10-06,South,Sports,33.6,1,0,33.6
2024-10-06,East,Clothing,38.01,1,0,38.01
2024-10-06,South,Sports,58.57,2,10,105.42
2024-10-07,North,Home & Garden,88.09,4,0,352.37
2024-10-07,North,Clothing,61.74,4,0,246.95
2024-10-07,North,Clothing,76.34,2,20,122.15
2024-10-07,North,Electronics,311.36,4,0,1245.46
2024-10-07,East,Electronics,414.07,3,0,1242.21
2024-10-07,West,Electronics,291.5,2,20,466.4
2024-10-07,North,Books,24.16,4,0,96.64
2024-10-07,North,Clothing,51.15,3,20,122.77
2024-10-07,North,Home & Garden,73.5,1,0,73.5
2024-10-07,West,Electronics,233.39,1,0,233.39
2024-10-07,West,Home & Garden,97.97,4,0,391.87
2024-10-07,West,Home & Garden,106.1,3,0,318.3
2024-10-07,East,Electronics,225.25,4,0,901.0
2024-10-07,South,Sports,63.21,1,0,63.21
2024-10-07,South,Electronics,194.93,1,0,194.93
2024-10-07,South,Electronics,267.58,4,0,1070.34
2024-10-07,West,Sports,65.06,2,0,130.13
2024-10-07,West,Books,19.87,4,0,79.47
2024-10-08,East,Electronics,348.01,1,10,313.21
2024-10-08,South,Sports,65.22,2,5,123.92
2024-10-08,West,Electronics,257.52,3,0,772.57
2024-10-08,West,Electronics,172.91,1,15,146.98
2024-10-08,North,Books,16.82,1,0,16.82
2024-10-08,East,Clothing,34.16,2,0,68.32
2024-10-08,East,Electronics,201.55,3,0,604.64
2024-10-08,East,Clothing,69.15,3,0,207.46
2024-10-08,South,Clothing,46.16,3,10,124.64
2024-10-08,East,Home & Garden,65.76,1,0,65.76
2024-10-08,South,Clothing,51.15,1,10,46.03
2024-10-08,South,Home & Garden,95.67,3,0,287.0
2024-10-08,West,Electronics,241.8,1,0,241.8
2024-10-09,North,Electronics,228.55,1,0,228.55
2024-10-09,West,Home & Garden,64.79,2,0,129.57
2024-10-09,South,Clothing,31.53,4,0,126.12
2024-10-09,North,Home & Garden,81.47,1,15,69.25
2024-10-09,North,Sports,75.04,1,0,75.04
2024-10-09,South,Clothing,28.96,1,0,28.96
2024-10-09,East,Clothing,21.18,2,0,42.37
2024-10-09,East,Books,21.35,2,0,42.7
2024-10-09,West,Clothing,60.73,3,20,145.76
2024-10-09,East,Home & Garden,46.46,4,0,185.83
2024-10-09,East,Clothing,33.53,1,0,33.53
2024-10-10,West,Clothing,33.87,1,10,30.48
2024-10-10,North,Sports,60.48,2,0,120.96
2024-10-10,North,Clothing,26.97,1,10,24.27
2024-10-10,West,Electronics,256.13,3,0,768.38
2024-10-10,West,Clothing,59.54,3,0,178.61
2024-10-10,South,Electronics,162.76,4,0,651.03
2024-10-10,East,Books,31.84,3,0,95.53
2024-10-10,West,Clothing,41.91,2,0,83.82
2024-10-10,South,Electronics,307.88,1,0,307.88
2024-10-10,North,Home & Garden,79.93,4,0,319.71
2024-10-10,North,Home & Garden,95.98,4,0,383.92
2024-10-10,East,Home & Garden,83.17,4,0,332.68
2024-10-10,North,Sports,24.5,2,0,48.99
2024-10-10,East,Electronics,254.76,3,0,764.29
2024-10-10,West,Books,11.98,4,0,47.93
2024-10-10,North,Home & Garden,66.56,2,0,133.12
2024-10-10,North,Electronics,289.3,1,10,260.37
2024-10-10,South,Sports,59.26,4,0,237.03
2024-10-10,West,Electronics,214.52,2,0,429.04
2024-10-10,South,Home & Garden,67.44,1,0,67.44
2024-10-10,West,Books,23.82,4,5,90.5
2024-10-10,North,Clothing,45.77,3,0,137.31
2024-10-10,East,Clothing,48.84,2,20,78.15
2024-10-10,North,Electronics,212.4,2,0,424.8
2024-10-11,North,Clothing,55.01,3,0,165.03
2024-10-11,South,Clothing,48.22,4,10,173.6
2024-10-11,South,Sports,24.03,4,20,76.89
2024-10-11,South,Electronics,227.09,1,0,227.09
2024-10-11,West,Books,16.69,1,0,16.69
2024-10-11,West,Electronics,213.21,1,10,191.89
2024-10-11,East,Clothing,73.4,2,0,146.8
2024-10-11,North,Clothing,35.21,2,0,70.41
2024-10-11,East,Home & Garden,94.38,4,0,377.51
2024-10-11,North,Books,13.32,1,0,13.32
2024-10-11,South,Books,19.32,4,0,77.26
2024-10-11,South,Clothing,48.56,2,5,92.27
2024-10-11,East,Clothing,37.59,1,5,35.72
2024-10-12,East,Electronics,300.9,2,5,571.7
2024-10-12,West,Electronics,197.21,4,5,749.4
2024-10-12,North,Clothing,42.9,1,0,42.9
2024-10-12,East,Books,25.94,3,0,77.81
2024-10-12,South,Books,14.43,2,0,28.86
2024-10-12,East,Home & Garden,59.51,2,0,119.02
2024-10-12,East,Electronics,194.2,3,0,582.61
2024-10-12,North,Home & Garden,68.52,4,0,274.07
2024-10-12,West,Books,10.82,2,0,21.64
2024-10-12,East,Clothing,78.21,3,20,187.7
2024-10-12,East,Clothing,50.53,4,0,202.12
2024-10-12,East,Sports,50.03,4,0,200.12
2024-10-12,West,Sports,36.17,4,0,144.69
2024-10-12,North,Sports,50.59,2,0,101.19
2024-10-12,East,Sports,43.5,4,0,173.99
2024-10-12,East,Electronics,310.0,1,0,310.0
2024-10-12,North,Books,21.5,2,5,40.85
2024-10-12,West,Home & Garden,75.14,1,15,63.87
2024-10-12,East,Books,18.98,1,0,18.98
2024-10-12,South,Clothing,64.66,1,5,61.42
2024-10-12,North,Electronics,284.73,2,0,569.47
2024-10-12,East,Electronics,248.61,2,0,497.22
2024-10-12,West,Clothing,53.08,4,15,180.48
2024-10-12,South,Sports,76.28,4,0,305.11
2024-10-12,South,Sports,54.23,3,0,162.69
2024-10-12,South,Home & Garden,86.51,1,0,86.51
2024-10-12,South,Electronics,295.4,2,0,590.81
2024-10-13,South,Home & Garden,104.66,4,0,418.63
2024-10-13,East,Sports,52.97,2,0,105.94
2024-10-13,West,Home & Garden,71.95,4,10,259.01
2024-10-13,East,Clothing,60.33,3,10,162.88
2024-10-13,East,Electronics,156.87,4,0,627.48
2024-10-13,South,Clothing,37.64,3,0,112.92
2024-10-13,West,Electronics,206.34,2,0,412.67
2024-10-13,East,Books,10.57,2,0,21.14
2024-10-13,West,Books,31.07,1,0,31.07
2024-10-13,East,Clothing,47.31,2,0,94.61
2024-10-13,West,Clothing,42.17,4,0,168.7
2024-10-13,West,Electronics,255.17,1,0,255.17
2024-10-13,South,Books,24.47,4,20,78.29
2024-10-13,East,Clothing,46.66,2,15,79.32
2024-10-13,North,Electronics,239.92,2,10,431.86
2024-10-13,East,Electronics,220.35,1,0,220.35
2024-10-13,East,Clothing,37.05,4,10,133.37
2024-10-13,North,Clothing,35.8,2,0,71.59
2024-10-13,South,Books,23.3,4,0,93.2
2024-10-13,South,Home & Garden,68.92,4,0,275.67
2024-10-13,South,Home & Garden,89.01,1,15,75.66
2024-10-13,South,Clothing,39.04,1,5,37.09
2024-10-14,East,Sports,52.74,2,0,105.48
2024-10-14,North,Home & Garden,87.87,2,10,158.16
2024-10-14,North,Books,18.75,4,0,75.01
2024-10-14,North,Home & Garden,76.77,2,0,153.53
2024-10-14,South,Clothing,39.8,4,0,159.18
2024-10-14,South,Clothing,66.0,3,0,197.99
2024-10-14,East,Clothing,51.74,1,0,51.74
2024-10-14,North,Clothing,56.93,4,0,227.73
2024-10-14,South,Sports,55.82,3,5,159.09
2024-10-14,North,Electronics,332.35,3,0,997.04
2024-10-14,West,Home & Garden,105.03,4,0,420.13
2024-10-14,South,Electronics,221.49,3,10,598.01
2024-10-14,North,Electronics,172.44,2,5,327.64
2024-10-14,West,Electronics,285.09,4,0,1140.37
2024-10-14,East,Home & Garden,152.06,1,0,152.06
2024-10-14,North,Electronics,252.6,3,0,757.8
2024-10-14,North,Clothing,46.37,2,0,92.74
2024-10-14,North,Clothing,47.21,1,10,42.49
2024-10-14,North,Sports,31.29,3,0,93.87
2024-10-15,East,Books,17.1,3,0,51.3
2024-10-15,South,Clothing,21.82,4,20,69.84
2024-10-15,East,Clothing,35.25,2,0,70.5
2024-10-15,North,Electronics,237.9,1,0,237.9
2024-10-15,South,Books,19.48,2,0,38.95
2024-10-15,East,Home & Garden,68.03,3,0,204.09
2024-10-15,East,Sports,55.95,4,0,223.8
2024-10-15,West,Clothing,47.58,4,0,190.33
2024-10-15,North,Electronics,235.11,2,0,470.22
2024-10-15,North,Sports,81.05,4,20,259.35
2024-10-15,East,Electronics,276.66,2,0,553.32
2024-10-15,North,Clothing,64.37,3,0,193.11
2024-10-16,West,Clothing,41.92,4,5,159.28
2024-10-16,South,Sports,46.17,3,0,138.52
2024-10-16,South,Books,23.07,3,20,55.37
2024-10-16,West,Books,18.95,1,0,18.95
2024-10-16,North,Home & Garden,72.63,3,15,185.2
2024-10-16,North,Books,5.88,2,20,9.41
2024-10-16,South,Home & Garden,57.88,4,10,208.36
2024-10-16,West,Home & Garden,66.24,2,0,132.48
2024-10-16,South,Books,18.47,2,0,36.94
2024-10-17,South,Home & Garden,109.38,4,0,437.51
2024-10-17,North,Books,19.68,3,20,47.22
2024-10-17,South,Clothing,39.53,3,0,118.58
2024-10-17,North,Books,16.07,3,0,48.21
2024-10-17,South,Books,22.7,1,0,22.7
2024-10-17,South,Home & Garden,79.96,3,0,239.88
2024-10-17,East,Sports,62.27,2,0,124.54
2024-10-17,North,Books,27.01,2,0,54.01
2024-10-17,South,Clothing,40.5,2,10,72.89
2024-10-17,East,Sports,43.98,2,5,83.56
2024-10-17,North,Electronics,182.06,1,0,182.06
2024-10-17,North,Electronics,263.32,3,0,789.95
2024-10-17,East,Clothing,26.62,4,20,85.19
2024-10-17,North,Clothing,49.07,2,10,88.33
2024-10-17,North,Books,18.87,4,0,75.47
2024-10-18,North,Electronics,210.57,4,15,715.94
2024-10-18,North,Sports,43.63,3,0,130.9
2024-10-18,South,Home & Garden,109.29,4,0,437.17
2024-10-18,West,Clothing,27.18,1,0,27.18
2024-10-18,East,Sports,42.35,3,10,114.33
2024-10-18,North,Sports,86.28,1,0,86.28
2024-10-18,East,Home & Garden,60.17,2,15,102.29
2024-10-18,North,Sports,54.41,1,0,54.41
2024-10-18,South,Books,14.28,3,0,42.83
2024-10-18,East,Clothing,59.38,3,0,178.15
2024-10-18,East,Clothing,35.6,1,0,35.6
2024-10-18,South,Home & Garden,26.81,2,0,53.63
2024-10-19,East,Clothing,48.34,3,0,145.03
2024-10-19,North,Books,27.76,2,0,55.52
2024-10-19,West,Books,16.08,4,0,64.33
2024-10-19,East,Electronics,290.43,3,15,740.59
2024-10-19,West,Books,30.69,3,0,92.07
2024-10-19,East,Books,18.5,2,15,31.45
2024-10-19,West,Electronics,185.07,3,0,555.22
2024-10-19,West,Home & Garden,111.65,2,10,200.97
2024-10-19,West,Clothing,45.95,3,0,137.86
2024-10-19,South,Home & Garden,68.91,2,0,137.82
2024-10-19,South,Clothing,60.57,2,10,109.02
2024-10-19,South,Electronics,211.31,3,0,633.94
2024-10-19,West,Books,17.73,4,0,70.9
2024-10-19,South,Books,22.73,2,0,45.46
2024-10-19,West,Electronics,298.76,1,0,298.76
2024-10-19,East,Sports,51.99,4,5,197.55
2024-10-19,South,Home & Garden,84.0,1,0,84.0
2024-10-19,South,Books,21.32,4,0,85.3
2024-10-19,North,Books,10.96,2,10,19.73
2024-10-19,North,Electronics,178.74,1,0,178.74
2024-10-19,North,Electronics,168.16,1,10,151.35
2024-10-19,East,Clothing,51.43,4,0,205.74
2024-10-19,East,Sports,41.67,1,10,37.51
2024-10-19,East,Home & Garden,96.7,3,0,290.09
2024-10-19,West,Sports,57.56,1,0,57.56
2024-10-19,South,Home & Garden,60.93,1,20,48.75
2024-10-19,North,Books,18.39,1,0,18.39
2024-10-19,South,Electronics,164.04,4,0,656.17
2024-10-19,West,Sports,29.97,1,5,28.48
2024-10-19,West,Electronics,352.23,4,0,1408.92
2024-10-20,East,Books,18.54,3,0,55.63
2024-10-20,West,Sports,33.03,4,0,132.12
2024-10-20,South,Books,15.1,1,0,15.1
2024-10-20,West,Clothing,38.46,4,0,153.83
2024-10-20,North,Home & Garden,96.94,3,15,247.2
2024-10-20,East,Sports,29.7,3,0,89.11
2024-10-20,East,Books,14.3,4,0,57.2
2024-10-20,North,Books,14.86,4,5,56.46
2024-10-20,West,Home & Garden,43.35,1,0,43.35
2024-10-20,East,Sports,25.47,3,0,76.4
2024-10-20,East,Home & Garden,76.95,3,0,230.85
2024-10-20,North,Clothing,42.97,4,0,171.87
2024-10-20,West,Electronics,260.85,2,15,443.44
2024-10-20,South,Electronics,328.58,4,0,1314.31
2024-10-20,South,Clothing,64.61,2,0,129.21
2024-10-20,South,Clothing,47.83,2,0,95.65
2024-10-20,East,Clothing,54.85,1,10,49.36
2024-10-20,North,Electronics,185.32,4,0,741.3
2024-10-20,West,Electronics,150.71,1,0,150.71
2024-10-20,East,Home & Garden,47.9,1,15,40.71
2024-10-20,West,Electronics,269.57,1,0,269.57
2024-10-20,North,Electronics,237.27,1,20,189.82
2024-10-20,North,Electronics,214.07,2,0,428.14
2024-10-20,West,Books,22.91,4,0,91.64
2024-10-20,East,Clothing,29.94,1,0,29.94
2024-10-20,West,Clothing,49.52,1,0,49.52
2024-10-21,South,Clothing,47.03,4,0,188.11
2024-10-21,West,Sports,54.53,4,0,218.11
2024-10-21,South,Home & Garden,66.05,1,0,66.05
2024-10-21,South,Books,13.06,2,0,26.12
2024-10-21,South,Home & Garden,69.59,3,0,208.76
2024-10-21,North,Electronics,295.8,3,20,709.93
2024-10-21,West,Home & Garden,49.37,1,5,46.9
2024-10-21,North,Electronics,241.05,3,0,723.16
2024-10-21,West,Books,14.78,3,0,44.33
2024-10-21,South,Electronics,259.6,3,0,778.8
2024-10-21,North,Clothing,38.56,1,0,38.56
2024-10-21,North,Home & Garden,102.96,1,0,102.96
2024-10-21,East,Home & Garden,113.69,3,5,324.01
2024-10-21,West,Clothing,42.29,1,0,42.29
2024-10-21,East,Clothing,40.56,2,0,81.11
2024-10-21,North,Electronics,221.85,1,10,199.67
2024-10-21,East,Electronics,220.06,4,0,880.24
2024-10-21,South,Home & Garden,39.39,2,0,78.78
2024-10-21,West,Home & Garden,73.22,3,0,219.66
2024-10-21,North,Electronics,286.96,2,20,459.13
2024-10-22,South,Electronics,190.74,3,0,572.23
2024-10-22,East,Sports,60.01,1,15,51.01
2024-10-22,East,Books,19.99,2,0,39.98
2024-10-22,East,Sports,64.48,2,0,128.95
2024-10-22,North,Clothing,50.72,3,15,129.33
2024-10-22,North,Electronics,353.56,1,5,335.89
2024-10-22,North,Clothing,45.98,1,10,41.38
2024-10-22,North,Home & Garden,74.7,1,0,74.7
2024-10-22,South,Electronics,340.09,2,0,680.17
2024-10-22,South,Clothing,56.25,3,0,168.75
2024-10-22,East,Home & Garden,94.9,1,0,94.9
2024-10-22,West,Home & Garden,69.83,2,0,139.66
2024-10-22,East,Electronics,260.67,2,20,417.07
2024-10-22,West,Electronics,221.25,3,0,663.74
2024-10-22,South,Electronics,295.94,3,0,887.81
2024-10-22,West,Home & Garden,82.03,3,0,246.09
2024-10-22,West,Books,18.66,3,20,44.78
2024-10-23,South,Sports,54.38,2,0,108.76
2024-10-23,South,Sports,72.98,3,0,218.93
2024-10-23,North,Sports,47.89,1,0,47.89
2024-10-23,West,Books,18.33,1,5,17.42
2024-10-23,North,Books,17.14,2,5,32.57
2024-10-23,North,Sports,24.2,1,0,24.2
2024-10-23,North,Sports,48.96,1,0,48.96
2024-10-23,South,Electronics,311.94,4,0,1247.76
2024-10-23,North,Home & Garden,29.39,2,0,58.78
2024-10-23,East,Clothing,31.02,3,0,93.06
2024-10-23,North,Books,24.39,2,0,48.78
2024-10-24,South,Clothing,31.14,2,0,62.28
2024-10-24,South,Home & Garden,73.93,1,5,70.23
2024-10-24,North,Sports,64.78,3,0,194.33
2024-10-24,South,Home & Garden,66.14,1,0,66.14
2024-10-24,East,Clothing,36.9,4,0,147.59
2024-10-24,West,Books,22.66,1,5,21.53
2024-10-24,South,Sports,38.8,3,0,116.4
2024-10-24,North,Electronics,336.12,3,10,907.52
2024-10-24,East,Electronics,375.5,1,0,375.5
2024-10-24,North,Clothing,36.0,4,10,129.6
2024-10-24,East,Clothing,23.88,1,10,21.49
2024-10-24,West,Electronics,308.45,3,0,925.36
2024-10-24,South,Sports,52.0,3,0,156.01
2024-10-24,South,Sports,63.79,3,5,181.81
2024-10-24,North,Sports,83.97,3,0,251.92
2024-10-25,West,Sports,83.66,1,0,83.66
2024-10-25,South,Home & Garden,69.89,1,0,69.89
2024-10-25,South,Clothing,43.99,2,0,87.98
2024-10-25,North,Clothing,11.84,1,5,11.25
2024-10-25,East,Home & Garden,71.94,4,5,273.38
2024-10-25,West,Books,20.33,3,0,61.0
2024-10-25,East,Clothing,37.81,4,0,151.23
2024-10-25,North,Electronics,302.96,3,0,908.89
2024-10-25,South,Books,19.82,1,0,19.82
2024-10-25,West,Electronics,185.65,1,10,167.09
2024-10-25,East,Sports,96.99,4,0,387.95
2024-10-25,East,Books,22.67,4,5,86.15
2024-10-25,West,Books,14.25,2,0,28.51
2024-10-25,South,Home & Garden,90.36,3,15,230.42
2024-10-25,North,Sports,48.93,1,5,46.48
2024-10-25,South,Home & Garden,84.49,4,0,337.94
2024-10-25,West,Clothing,35.61,2,5,67.66
2024-10-25,South,Clothing,36.82,2,10,66.28
2024-10-25,East,Clothing,47.97,1,0,47.97
2024-10-25,North,Sports,66.31,2,5,125.98
2024-10-25,West,Home & Garden,74.86,2,5,142.24
2024-10-25,South,Electronics,225.01,4,0,900.05
2024-10-25,East,Home & Garden,66.16,2,10,119.08
2024-10-25,East,Books,19.04,1,0,19.04
2024-10-25,West,Books,27.38,4,0,109.54
2024-10-26,East,Home & Garden,65.57,2,0,131.14
2024-10-26,East,Electronics,150.62,2,10,271.12
2024-10-26,South,Sports,70.33,2,20,112.53
2024-10-26,West,Clothing,45.49,3,0,136.47
2024-10-26,North,Electronics,241.7,1,15,205.44
2024-10-26,West,Electronics,220.46,2,0,440.92
2024-10-26,West,Home & Garden,77.61,3,0,232.83
2024-10-26,South,Books,16.36,3,0,49.08
2024-10-26,East,Home & Garden,58.15,2,0,116.3
2024-10-26,South,Books,23.08,2,0,46.16
2024-10-26,North,Clothing,50.63,3,0,151.9
2024-10-26,East,Clothing,49.46,1,15,42.04
2024-10-26,East,Books,23.11,1,0,23.11
2024-10-26,West,Clothing,51.41,4,0,205.64
2024-10-26,South,Home & Garden,92.42,3,10,249.55
2024-10-26,East,Electronics,234.12,2,0,468.25
2024-10-26,South,Clothing,51.74,2,0,103.48
2024-10-26,North,Books,25.23,2,0,50.46
2024-10-26,East,Clothing,32.67,3,0,98.01
2024-10-26,East,Sports,19.65,3,0,58.94
2024-10-26,North,Clothing,41.94,1,20,33.55
2024-10-26,East,Sports,62.94,4,0,251.77
2024-10-26,East,Electronics,193.74,2,0,387.48
2024-10-27,North,Home & Garden,76.5,1,0,76.5
2024-10-27,West,Sports,61.26,4,10,220.53
2024-10-27,North,Clothing,48.43,2,0,96.85
2024-10-27,North,Electronics,234.79,3,0,704.36
2024-10-27,East,Home & Garden,84.17,1,5,79.96
2024-10-27,South,Home & Garden,35.27,2,0,70.53
2024-10-27,North,Sports,51.68,3,0,155.05
2024-10-27,North,Sports,72.01,1,10,64.8
2024-10-27,East,Electronics,314.44,4,10,1131.98
2024-10-27,South,Home & Garden,97.49,4,0,389.97
2024-10-27,East,Clothing,56.09,1,0,56.09
2024-10-27,South,Home & Garden,78.74,1,0,78.74
2024-10-27,West,Sports,56.04,3,0,168.13
2024-10-27,East,Electronics,256.52,2,0,513.04
2024-10-27,East,Home & Garden,65.95,3,0,197.85
2024-10-27,South,Electronics,106.58,2,0,213.16
2024-10-27,North,Electronics,244.72,2,0,489.45
2024-10-27,North,Clothing,37.66,3,0,112.97
2024-10-27,South,Clothing,38.6,3,0,115.79
2024-10-27,West,Sports,31.71,3,0,95.12
2024-10-27,North,Sports,59.57,1,0,59.57
2024-10-27,North,Books,14.25,2,0,28.51
2024-10-27,North,Sports,17.65,4,0,70.6
2024-10-27,East,Books,25.49,4,0,101.98
2024-10-27,South,Sports,83.73,1,0,83.73
2024-10-28,East,Books,26.06,3,0,78.18
2024-10-28,East,Clothing,42.07,1,5,39.97
2024-10-28,East,Electronics,342.62,4,0,1370.49
2024-10-28,South,Electronics,182.6,3,0,547.81
2024-10-28,East,Home & Garden,110.2,1,0,110.2
2024-10-28,South,Books,18.3,3,10,49.41
2024-10-28,North,Electronics,301.56,2,0,603.13
2024-10-28,South,Home & Garden,83.62,1,10,75.26
2024-10-28,South,Electronics,282.56,3,0,847.69
2024-10-28,South,Home & Garden,115.98,3,0,347.95
2024-10-28,East,Electronics,262.54,4,0,1050.16
2024-10-28,North,Clothing,56.08,4,0,224.31
2024-10-28,East,Clothing,59.91,4,0,239.65
2024-10-28,North,Books,22.36,2,0,44.72
2024-10-28,East,Electronics,214.94,1,20,171.95
2024-10-28,North,Clothing,46.8,4,0,187.21
2024-10-28,North,Clothing,38.43,3,10,103.77
2024-10-28,North,Home & Garden,77.0,3,0,230.99
2024-10-28,North,Home & Garden,74.91,3,0,224.74
2024-10-28,West,Electronics,345.78,1,20,276.63
2024-10-28,East,Clothing,29.71,2,5,56.45
2024-10-28,East,Electronics,232.49,1,0,232.49
2024-10-29,South,Sports,68.41,4,0,273.65
2024-10-29,East,Home & Garden,103.61,3,5,295.28
2024-10-29,South,Sports,41.28,2,10,74.3
2024-10-29,West,Home & Garden,83.02,4,0,332.08
2024-10-29,East,Home & Garden,65.0,1,10,58.5
2024-10-29,North,Home & Garden,103.77,4,0,415.09
2024-10-29,South,Electronics,353.9,1,0,353.9
2024-10-29,North,Home & Garden,56.55,4,0,226.21
2024-10-29,South,Clothing,53.36,1,15,45.36
2024-10-29,South,Home & Garden,55.83,1,0,55.83
2024-10-29,South,Home & Garden,66.71,2,0,133.43
2024-10-29,East,Clothing,56.39,4,0,225.58
2024-10-29,South,Books,18.51,3,0,55.52
2024-10-30,East,Electronics,287.03,4,0,1148.11
2024-10-30,West,Sports,70.56,3,0,211.67
2024-10-30,North,Clothing,38.52,1,0,38.52
2024-10-30,North,Clothing,36.24,4,0,144.96
2024-10-30,North,Sports,71.8,1,0,71.8
2024-10-30,East,Clothing,51.64,2,0,103.29
2024-10-30,East,Electronics,273.51,2,0,547.03
2024-10-30,North,Clothing,33.16,1,0,33.16
2024-10-30,East,Electronics,292.28,2,10,526.11
2024-10-30,North,Electronics,213.7,1,20,170.96
2024-10-30,East,Electronics,143.67,2,0,287.34
2024-10-30,East,Clothing,34.47,3,0,103.41
2024-10-30,East,Electronics,353.03,4,5,1341.5
2024-10-30,East,Electronics,297.22,1,0,297.22
2024-10-30,West,Electronics,243.94,4,20,780.6
2024-10-30,East,Sports,59.32,4,0,237.27
2024-10-31,West,Sports,37.22,3,0,111.65
2024-10-31,West,Home & Garden,58.45,2,10,105.21
2024-10-31,North,Books,20.41,1,5,19.39
2024-10-31,North,Clothing,23.15,2,0,46.3
2024-10-31,North,Clothing,72.64,1,5,69.01
2024-10-31,South,Clothing,41.61,2,0,83.22
2024-10-31,West,Clothing,34.7,3,20,83.28
2024-10-31,East,Clothing,56.6,2,0,113.19
2024-10-31,West,Home & Garden,111.86,3,15,285.25
2024-10-31,North,Home & Garden,59.24,1,0,59.24
2024-10-31,West,Clothing,47.09,2,15,80.05
2024-10-31,West,Clothing,28.46,1,0,28.46
2024-10-31,East,Books,17.16,3,10,46.32
2024-10-31,West,Clothing,46.46,4,0,185.84
2024-10-31,South,Clothing,34.61,1,0,34.61
2024-10-31,South,Electronics,102.52,3,0,307.57
2024-10-31,East,Clothing,50.18,2,0,100.36
2024-11-01,East,Electronics,498.37,4,0,1993.46
2024-11-01,East,Books,25.4,3,5,72.38
2024-11-01,West,Home & Garden,129.9,4,0,519.58
2024-11-01,North,Books,31.59,3,0,94.76
2024-11-01,North,Books,32.12,2,0,64.25
2024-11-01,South,Sports,69.19,1,15,58.81
2024-11-01,West,Home & Garden,110.39,2,0,220.78
2024-11-01,South,Home & Garden,121.43,2,0,242.87
2024-11-01,North,Clothing,87.87,4,15,298.75
2024-11-01,South,Books,25.67,3,0,77.02
2024-11-01,South,Clothing,81.55,2,0,163.11
2024-11-01,East,Home & Garden,117.27,1,0,117.27
2024-11-02,North,Electronics,394.41,2,0,788.81
2024-11-02,East,Clothing,77.82,3,0,233.47
2024-11-02,West,Home & Garden,53.65,1,0,53.65
2024-11-02,West,Home & Garden,116.1,2,0,232.2
2024-11-02,North,Electronics,437.27,3,0,1311.8
2024-11-02,East,Home & Garden,103.12,4,0,412.49
2024-11-02,East,Home & Garden,82.25,4,20,263.22
2024-11-02,East,Home & Garden,156.61,4,0,626.43
2024-11-02,South,Electronics,147.88,4,5,561.94
2024-11-02,East,Books,24.96,1,0,24.96
2024-11-02,South,Home & Garden,105.74,4,5,401.83
2024-11-02,North,Home & Garden,124.09,1,0,124.09
2024-11-02,South,Sports,79.14,3,15,201.81
2024-11-02,North,Home & Garden,149.56,3,0,448.69
2024-11-02,East,Electronics,302.26,3,0,906.79
2024-11-02,East,Home & Garden,155.84,1,0,155.84
2024-11-02,South,Home & Garden,129.38,3,0,388.15
2024-11-02,West,Home & Garden,117.48,4,20,375.94
2024-11-02,South,Electronics,168.33,1,0,168.33
2024-11-02,North,Electronics,303.7,3,10,820.0
2024-11-02,North,Home & Garden,105.9,4,0,423.62
2024-11-02,North,Clothing,72.68,3,0,218.04
2024-11-02,West,Sports,80.88,2,10,145.58
2024-11-02,North,Books,29.97,2,0,59.94
2024-11-02,South,Home & Garden,84.29,4,0,337.17
2024-11-02,East,Electronics,296.32,3,0,888.95
2024-11-02,South,Clothing,55.51,1,0,55.51
2024-11-02,South,Electronics,402.3,3,0,1206.89
2024-11-02,North,Electronics,477.83,1,0,477.83
2024-11-02,North,Electronics,334.65,2,10,602.37
2024-11-03,West,Books,25.07,4,0,100.29
2024-11-03,North,Books,29.25,1,0,29.25
2024-11-03,North,Electronics,283.09,3,20,679.41
2024-11-03,East,Clothing,79.87,3,10,215.64
2024-11-03,West,Clothing,79.36,3,0,238.07
2024-11-03,West,Clothing,66.69,2,0,133.39
2024-11-03,South,Books,32.21,3,10,86.96
2024-11-03,South,Home & Garden,112.02,4,0,448.07
2024-11-03,North,Books,14.94,2,0,29.88
2024-11-03,West,Books,24.2,3,10,65.34
2024-11-03,West,Books,25.14,2,0,50.28
2024-11-03,North,Clothing,66.09,1,10,59.48
2024-11-03,West,Electronics,411.73,2,0,823.45
2024-11-03,North,Home & Garden,140.66,2,0,281.31
2024-11-03,East,Sports,103.05,2,0,206.11
2024-11-03,East,Clothing,66.36,3,5,189.13
2024-11-03,South,Home & Garden,161.09,2,0,322.18
2024-11-03,North,Clothing,60.12,2,0,120.24
2024-11-03,North,Electronics,289.34,4,0,1157.35
2024-11-03,North,Books,28.98,1,20,23.18
2024-11-03,North,Home & Garden,102.75,4,10,369.91
2024-11-03,West,Books,21.63,2,0,43.25
2024-11-03,West,Sports,51.45,1,15,43.73
2024-11-03,South,Home & Garden,111.85,4,0,447.39
2024-11-03,South,Sports,56.31,4,0,225.25
2024-11-03,East,Electronics,394.61,3,5,1124.64
2024-11-03,West,Home & Garden,178.94,3,0,536.81
2024-11-03,West,Electronics,179.39,4,0,717.54
2024-11-03,South,Home & Garden,124.6,2,0,249.21
2024-11-04,North,Home & Garden,123.33,2,0,246.67
2024-11-04,North,Electronics,277.56,1,0,277.56
2024-11-04,West,Sports,92.46,1,0,92.46
2024-11-04,North,Sports,84.34,2,0,168.68
2024-11-04,North,Electronics,321.5,3,0,964.51
2024-11-04,North,Sports,69.25,1,0,69.25
2024-11-04,South,Clothing,56.64,2,5,107.62
2024-11-04,East,Home & Garden,134.69,3,0,404.06
2024-11-04,North,Home & Garden,81.45,4,10,293.21
2024-11-04,West,Home & Garden,152.26,4,0,609.04
2024-11-04,East,Clothing,72.6,4,10,261.37
2024-11-04,North,Electronics,285.12,4,0,1140.48
2024-11-04,East,Home & Garden,149.32,1,0,149.32
2024-11-04,North,Home & Garden,122.05,2,0,244.1
2024-11-04,North,Electronics,320.13,1,0,320.13
2024-11-04,North,Electronics,458.17,4,0,1832.68
2024-11-04,West,Clothing,62.75,1,0,62.75
2024-11-04,South,Electronics,343.69,3,0,1031.08
2024-11-05,West,Electronics,204.71,2,0,409.42
2024-11-05,East,Clothing,56.9,3,10,153.62
2024-11-05,North,Home & Garden,160.55,4,0,642.19
2024-11-05,North,Electronics,461.77,1,20,369.42
2024-11-05,South,Books,19.41,1,0,19.41
2024-11-05,North,Sports,51.97,2,0,103.95
2024-11-05,North,Clothing,74.83,2,0,149.65
2024-11-05,West,Home & Garden,56.88,1,5,54.03
2024-11-05,North,Sports,90.11,3,0,270.32
2024-11-05,East,Home & Garden,97.89,4,0,391.58
2024-11-05,East,Sports,54.33,2,10,97.8
2024-11-05,North,Clothing,52.03,2,0,104.07
2024-11-05,North,Electronics,510.85,4,10,1839.08
2024-11-06,East,Electronics,309.85,4,5,1177.43
2024-11-06,North,Books,36.03,3,0,108.08
2024-11-06,East,Home & Garden,81.24,4,20,259.96
2024-11-06,North,Clothing,84.35,4,5,320.53
2024-11-06,North,Electronics,419.34,4,0,1677.34
2024-11-06,North,Electronics,418.28,2,0,836.57
2024-11-06,South,Electronics,260.27,3,0,780.81
2024-11-06,East,Sports,80.38,1,5,76.36
2024-11-06,West,Clothing,82.29,2,0,164.59
2024-11-06,North,Clothing,83.32,1,5,79.15
2024-11-06,North,Sports,111.88,1,0,111.88
2024-11-06,East,Electronics,288.8,3,0,866.39
2024-11-06,West,Electronics,311.73,3,5,888.44
2024-11-06,North,Electronics,367.1,2,0,734.2
2024-11-06,North,Electronics,365.69,4,0,1462.76
2024-11-07,North,Clothing,64.54,3,0,193.62
2024-11-07,South,Books,39.96,2,0,79.92
2024-11-07,South,Electronics,361.27,1,0,361.27
2024-11-07,South,Clothing,73.84,3,0,221.52
2024-11-07,East,Electronics,274.19,2,0,548.38
2024-11-07,East,Clothing,52.37,2,0,104.73
2024-11-07,West,Electronics,323.26,3,0,969.77
2024-11-07,South,Clothing,44.3,3,0,132.9
2024-11-07,West,Clothing,47.27,3,0,141.81
2024-11-07,North,Sports,66.81,3,0,200.44
2024-11-07,South,Electronics,366.36,2,0,732.73
2024-11-07,East,Home & Garden,128.43,2,10,231.17
2024-11-08,South,Electronics,388.4,2,20,621.44
2024-11-08,East,Home & Garden,163.53,4,0,654.13
2024-11-08,East,Electronics,551.58,2,0,1103.16
2024-11-08,East,Clothing,71.49,3,0,214.47
2024-11-08,North,Electronics,251.51,3,0,754.52
2024-11-08,North,Electronics,302.68,2,0,605.36
2024-11-08,South,Home & Garden,82.4,1,5,78.28
2024-11-08,South,Electronics,336.17,1,0,336.17
2024-11-08,North,Electronics,367.72,3,0,1103.15
2024-11-08,North,Clothing,65.91,3,15,168.07
2024-11-08,North,Electronics,342.66,2,0,685.32
2024-11-09,North,Books,27.79,2,5,52.8
2024-11-09,East,Clothing,65.67,3,20,157.62
2024-11-09,North,Home & Garden,95.17,1,0,95.17
2024-11-09,North,Sports,66.13,2,0,132.27
2024-11-09,East,Clothing,65.51,3,0,196.52
2024-11-09,East,Electronics,486.78,1,0,486.78
2024-11-09,South,Electronics,382.28,2,0,764.55
2024-11-09,East,Sports,92.32,2,15,156.95
2024-11-09,East,Electronics,435.8,1,0,435.8
2024-11-09,North,Clothing,45.2,2,5,85.88
2024-11-09,North,Electronics,247.19,3,5,704.48
2024-11-09,West,Sports,117.34,1,0,117.34
2024-11-09,West,Clothing,53.93,4,10,194.16
2024-11-09,East,Electronics,381.76,4,15,1297.99
2024-11-09,West,Sports,105.16,1,0,105.16
2024-11-09,North,Electronics,428.14,3,0,1284.41
2024-11-09,South,Electronics,342.23,2,0,684.45
2024-11-09,North,Sports,78.99,4,0,315.97
2024-11-09,West,Clothing,73.67,2,0,147.34
2024-11-09,East,Sports,76.56,1,0,76.56
2024-11-09,North,Clothing,97.8,3,5,278.73
2024-11-09,East,Home & Garden,125.63,1,20,100.5
2024-11-09,East,Electronics,394.98,1,0,394.98
2024-11-09,South,Books,28.33,4,5,107.67
2024-11-10,South,Clothing,47.46,4,0,189.83
2024-11-10,East,Electronics,399.37,1,5,379.41
2024-11-10,West,Electronics,365.39,3,0,1096.16
2024-11-10,North,Clothing,78.84,1,0,78.84
2024-11-10,North,Sports,101.51,4,0,406.06
2024-11-10,North,Home & Garden,108.67,2,0,217.33
2024-11-10,East,Books,35.07,4,0,140.3
2024-11-10,North,Clothing,67.27,2,0,134.54
2024-11-10,North,Home & Garden,112.81,1,10,101.53
2024-11-10,East,Home & Garden,145.14,2,0,290.27
2024-11-10,East,Sports,101.1,2,0,202.2
2024-11-10,West,Electronics,190.44,3,0,571.33
2024-11-10,North,Home & Garden,76.99,3,0,230.96
2024-11-10,West,Clothing,64.0,1,10,57.6
2024-11-10,South,Sports,81.79,2,0,163.57
2024-11-11,South,Electronics,375.78,2,0,751.55
2024-11-11,South,Sports,39.88,2,0,79.76
2024-11-11,North,Clothing,71.67,3,10,193.51
2024-11-11,West,Home & Garden,78.1,3,0,234.3
2024-11-11,East,Clothing,69.32,4,5,263.42
2024-11-11,North,Home & Garden,115.84,4,0,463.34
2024-11-11,West,Books,16.85,4,5,64.03
2024-11-11,South,Books,21.58,1,0,21.58
2024-11-11,North,Home & Garden,147.06,3,0,441.19
2024-11-11,East,Home & Garden,119.13,1,0,119.13
2024-11-11,South,Books,32.29,4,0,129.18
2024-11-11,West,Electronics,300.86,3,0,902.59
2024-11-11,East,Home & Garden,102.36,4,0,409.45
2024-11-11,West,Clothing,29.52,2,0,59.05
2024-11-11,East,Home & Garden,101.38,4,5,385.24
2024-11-11,South,Books,15.47,1,10,13.92
2024-11-11,South,Clothing,50.75,3,0,152.24
2024-11-11,North,Home & Garden,80.1,4,0,320.4
2024-11-12,East,Clothing,52.16,2,0,104.31
2024-11-12,West,Clothing,88.51,4,0,354.04
2024-11-12,North,Sports,80.74,4,5,306.8
2024-11-12,South,Electronics,209.84,2,0,419.68
2024-11-12,West,Electronics,263.02,3,0,789.05
2024-11-12,North,Clothing,81.65,2,0,163.3
2024-11-12,North,Home & Garden,155.92,3,15,397.6
2024-11-12,South,Clothing,72.56,3,5,206.79
2024-11-12,South,Electronics,296.38,2,0,592.76
2024-11-12,East,Home & Garden,104.77,4,0,419.07
2024-11-12,North,Sports,94.01,4,0,376.03
2024-11-12,North,Books,34.35,1,0,34.35
2024-11-12,South,Clothing,69.16,3,0,207.47
2024-11-12,West,Clothing,40.43,3,5,115.24
2024-11-13,South,Clothing,55.94,3,15,142.64
2024-11-13,West,Electronics,428.6,2,0,857.2
2024-11-13,West,Home & Garden,88.98,2,0,177.95
2024-11-13,South,Clothing,91.99,4,0,367.96
2024-11-13,North,Sports,84.59,3,5,241.08
2024-11-13,West,Electronics,257.17,1,0,257.17
2024-11-13,North,Home & Garden,101.35,1,0,101.35
2024-11-13,East,Clothing,58.99,3,0,176.98
2024-11-13,East,Electronics,364.61,4,0,1458.46
2024-11-14,East,Electronics,419.31,3,0,1257.92
2024-11-14,North,Electronics,269.47,4,0,1077.9
2024-11-14,South,Electronics,419.03,3,0,1257.08
2024-11-14,West,Electronics,392.35,1,0,392.35
2024-11-14,North,Electronics,360.86,4,15,1226.94
2024-11-14,West,Electronics,431.53,1,10,388.38
2024-11-14,South,Electronics,390.5,3,10,1054.35
2024-11-14,West,Electronics,314.02,1,10,282.62
2024-11-14,West,Electronics,234.31,4,0,937.26
2024-11-14,South,Books,28.29,2,0,56.58
2024-11-14,North,Clothing,49.16,4,10,176.96
2024-11-14,South,Home & Garden,133.35,2,0,266.7
2024-11-14,South,Sports,71.83,1,0,71.83
2024-11-14,North,Electronics,346.32,1,0,346.32
2024-11-14,North,Clothing,62.73,3,0,188.19
2024-11-14,East,Electronics,209.65,1,0,209.65
2024-11-14,North,Electronics,278.04,2,0,556.08
2024-11-14,North,Electronics,170.69,3,0,512.08
2024-11-14,West,Clothing,96.58,2,0,193.15
2024-11-14,East,Clothing,39.45,2,0,78.9
2024-11-14,West,Electronics,250.4,2,0,500.8
2024-11-14,North,Electronics,347.8,2,0,695.6
2024-11-14,West,Books,29.82,2,0,59.64
2024-11-14,South,Electronics,305.19,4,0,1220.76
2024-11-15,West,Clothing,59.75,4,0,238.99
2024-11-15,West,Clothing,75.31,3,0,225.94
2024-11-15,East,Clothing,45.5,1,0,45.5
2024-11-15,North,Home & Garden,71.12,4,0,284.46
2024-11-15,East,Clothing,58.66,2,0,117.31
2024-11-15,North,Sports,103.14,2,0,206.28
2024-11-15,East,Books,16.3,4,0,65.21
2024-11-15,North,Clothing,56.48,1,5,53.66
2024-11-15,West,Clothing,48.75,1,10,43.87
2024-11-15,West,Clothing,87.91,2,0,175.83
2024-11-15,North,Home & Garden,159.63,4,0,638.51
2024-11-15,North,Home & Garden,94.8,1,0,94.8
2024-11-15,South,Electronics,335.2,3,0,1005.6
2024-11-15,North,Sports,84.08,2,0,168.15
2024-11-15,North,Home & Garden,141.29,3,0,423.86
2024-11-15,South,Clothing,63.94,3,0,191.83
2024-11-15,South,Sports,78.53,4,0,314.12
2024-11-15,West,Electronics,386.09,2,0,772.18
2024-11-15,South,Clothing,60.46,1,0,60.46
2024-11-15,North,Electronics,495.5,2,5,941.45
2024-11-15,North,Home & Garden,146.47,3,0,439.4
2024-11-15,South,Electronics,193.79,1,0,193.79
2024-11-16,North,Electronics,316.5,3,15,807.06
2024-11-16,East,Books,31.89,4,0,127.56
2024-11-16,East,Electronics,344.19,2,0,688.39
2024-11-16,North,Electronics,305.39,1,20,244.32
2024-11-16,East,Clothing,59.04,4,0,236.16
2024-11-16,South,Home & Garden,82.93,4,0,331.7
2024-11-16,East,Home & Garden,81.73,1,0,81.73
2024-11-16,West,Sports,61.02,4,0,244.07
2024-11-16,South,Home & Garden,138.05,2,0,276.11
2024-11-16,West,Clothing,55.99,1,0,55.99
2024-11-16,North,Electronics,164.89,4,0,659.55
2024-11-16,East,Electronics,308.1,2,0,616.19
2024-11-16,West,Sports,50.94,4,0,203.75
2024-11-16,South,Home & Garden,123.54,2,0,247.09
2024-11-16,North,Books,30.64,4,10,110.29
2024-11-16,West,Clothing,50.95,3,0,152.86
2024-11-16,South,Home & Garden,151.9,4,10,546.83
2024-11-16,North,Electronics,208.17,1,0,208.17
2024-11-16,South,Clothing,79.09,1,10,71.18
2024-11-16,North,Clothing,63.34,4,0,253.35
2024-11-16,West,Sports,63.3,3,0,189.91
2024-11-16,South,Home & Garden,93.11,2,0,186.22
2024-11-16,North,Clothing,65.69,3,5,187.21
2024-11-16,South,Electronics,566.69,1,0,566.69
2024-11-17,North,Clothing,44.46,4,5,168.96
2024-11-17,North,Home & Garden,168.64,3,0,505.92
2024-11-17,South,Electronics,373.5,3,0,1120.49
2024-11-17,North,Electronics,348.11,2,0,696.23
2024-11-17,South,Sports,114.22,1,0,114.22
2024-11-17,North,Clothing,65.26,3,10,176.2
2024-11-17,West,Books,14.97,2,0,29.93
2024-11-17,South,Electronics,354.89,3,0,1064.67
2024-11-17,South,Sports,66.02,4,5,250.88
2024-11-17,North,Home & Garden,162.34,4,0,649.36
2024-11-17,South,Home & Garden,128.14,4,15,435.68
2024-11-17,South,Electronics,369.79,4,0,1479.14
2024-11-17,West,Home & Garden,106.1,2,0,212.21
2024-11-17,North,Electronics,183.26,2,0,366.52
2024-11-17,East,Electronics,442.41,1,0,442.41
2024-11-17,East,Electronics,404.79,1,0,404.79
2024-11-17,North,Sports,126.97,3,0,380.91
2024-11-17,South,Sports,77.77,1,0,77.77
2024-11-17,South,Electronics,555.21,4,0,2220.86
2024-11-17,South,Electronics,384.49,1,20,307.59
2024-11-17,East,Home & Garden,104.41,1,0,104.41
2024-11-17,East,Clothing,70.87,1,0,70.87
2024-11-17,East,Electronics,423.3,3,0,1269.91
2024-11-18,North,Electronics,431.06,1,0,431.06
2024-11-18,East,Clothing,56.63,1,0,56.63
2024-11-18,South,Sports,95.09,4,0,380.38
2024-11-18,North,Sports,77.75,2,0,155.5
2024-11-18,East,Home & Garden,150.96,2,0,301.93
2024-11-18,West,Electronics,342.29,2,5,650.35
2024-11-18,West,Electronics,238.48,1,15,202.71
2024-11-18,West,Home & Garden,167.72,1,5,159.34
2024-11-18,South,Sports,88.38,1,0,88.38
2024-11-18,North,Electronics,288.66,2,0,577.32
2024-11-18,West,Home & Garden,108.81,3,0,326.44
2024-11-18,North,Sports,85.5,4,15,290.71
2024-11-18,East,Electronics,344.16,2,0,688.33
2024-11-18,South,Clothing,63.91,1,5,60.71
2024-11-18,South,Clothing,69.53,1,5,66.06
2024-11-18,East,Electronics,342.68,1,5,325.54
2024-11-18,South,Books,53.81,3,10,145.29
2024-11-18,North,Home & Garden,117.1,4,0,468.4
2024-11-18,South,Home & Garden,85.67,4,0,342.68
2024-11-19,South,Clothing,69.94,2,0,139.89
2024-11-19,South,Home & Garden,116.74,3,0,350.22
2024-11-19,West,Books,23.12,3,0,69.37
2024-11-19,West,Electronics,368.82,3,0,1106.45
2024-11-19,South,Sports,54.1,4,10,194.75
2024-11-19,North,Sports,112.68,2,0,225.36
2024-11-19,East,Home & Garden,78.83,1,0,78.83
2024-11-19,North,Clothing,77.19,3,10,208.41
2024-11-19,North,Sports,71.1,4,0,284.41
2024-11-19,East,Sports,71.25,3,0,213.74
2024-11-19,North,Home & Garden,79.12,3,0,237.36
2024-11-19,South,Home & Garden,135.6,2,20,216.96
2024-11-20,North,Clothing,67.07,4,0,268.29
2024-11-20,South,Books,18.57,3,0,55.72
2024-11-20,South,Electronics,311.46,2,0,622.93
2024-11-20,East,Electronics,355.9,4,10,1281.23
2024-11-20,North,Books,28.65,3,0,85.96
2024-11-20,North,Books,26.0,1,0,26.0
2024-11-20,East,Sports,73.1,4,0,292.41
2024-11-20,West,Sports,97.14,1,0,97.14
2024-11-20,North,Home & Garden,124.79,2,0,249.57
2024-11-20,West,Home & Garden,105.73,1,0,105.73
2024-11-20,West,Clothing,73.34,1,0,73.34
2024-11-20,North,Books,27.7,3,0,83.1
2024-11-20,East,Electronics,296.92,3,15,757.16
2024-11-20,South,Home & Garden,121.87,4,0,487.49
2024-11-21,South,Sports,91.06,3,15,232.21
2024-11-21,North,Home & Garden,151.23,3,0,453.68
2024-11-21,North,Electronics,245.5,1,5,233.22
2024-11-21,South,Electronics,540.82,4,5,2055.12
2024-11-21,South,Electronics,354.17,2,0,708.33
2024-11-21,North,Home & Garden,126.15,4,0,504.6
2024-11-21,East,Home & Garden,99.01,1,0,99.01
2024-11-21,East,Home & Garden,77.76,4,10,279.93
2024-11-21,North,Books,18.98,1,0,18.98
2024-11-21,South,Clothing,55.76,4,0,223.04
2024-11-21,North,Books,26.32,3,0,78.95
2024-11-21,West,Sports,113.49,1,0,113.49
2024-11-21,West,Sports,118.96,2,0,237.92
2024-11-22,South,Sports,78.94,3,0,236.81
2024-11-22,North,Books,31.09,3,0,93.26
2024-11-22,South,Home & Garden,63.73,4,5,242.16
2024-11-22,West,Sports,91.9,2,0,183.81
2024-11-22,South,Clothing,97.73,3,0,293.2
2024-11-22,North,Books,29.67,3,0,89.01
2024-11-22,North,Clothing,57.47,1,10,51.72
2024-11-22,East,Electronics,442.26,2,0,884.53
2024-11-22,South,Home & Garden,151.22,1,0,151.22
2024-11-22,South,Electronics,369.23,1,15,313.84
2024-11-22,North,Electronics,511.58,1,0,511.58
2024-11-22,South,Electronics,236.0,4,0,944.01
2024-11-22,South,Electronics,321.51,3,0,964.52
2024-11-22,North,Home & Garden,95.04,4,0,380.16
2024-11-23,West,Home & Garden,102.42,3,5,291.91
2024-11-23,East,Clothing,92.58,4,0,370.34
2024-11-23,North,Electronics,434.85,1,0,434.85
2024-11-23,East,Home & Garden,141.35,4,0,565.39
2024-11-23,West,Clothing,73.27,2,0,146.54
2024-11-23,South,Electronics,463.34,2,0,926.68
2024-11-23,East,Books,22.71,1,0,22.71
2024-11-23,South,Books,27.6,2,20,44.17
2024-11-23,South,Electronics,391.93,4,0,1567.73
2024-11-23,West,Home & Garden,71.44,4,0,285.77
2024-11-23,North,Sports,61.78,2,0,123.56
2024-11-23,East,Books,24.19,4,0,96.77
2024-11-23,North,Books,42.61,1,20,34.09
2024-11-23,North,Electronics,281.27,2,0,562.54
2024-11-23,East,Clothing,75.84,4,0,303.34
2024-11-23,South,Clothing,49.19,2,0,98.38
2024-11-23,South,Sports,80.66,2,10,145.19
2024-11-23,South,Clothing,39.89,1,0,39.89
2024-11-23,South,Home & Garden,130.04,2,0,260.09
2024-11-23,East,Electronics,452.61,2,0,905.23
2024-11-23,North,Home & Garden,140.63,2,0,281.25
2024-11-23,North,Electronics,249.17,3,0,747.52
2024-11-24,South,Electronics,230.7,4,0,922.79
2024-11-24,South,Home & Garden,104.23,1,0,104.23
2024-11-24,West,Sports,83.14,3,0,249.41
2024-11-24,South,Home & Garden,171.57,2,0,343.14
2024-11-24,East,Books,33.18,4,0,132.71
2024-11-24,North,Electronics,159.27,3,10,430.03
2024-11-24,North,Clothing,81.8,4,0,327.19
2024-11-24,South,Books,27.15,1,0,27.15
2024-11-24,West,Home & Garden,110.54,4,10,397.95
2024-11-24,East,Home & Garden,73.87,4,10,265.95
2024-11-24,South,Home & Garden,99.8,3,0,299.4
2024-11-24,West,Electronics,482.3,2,0,964.59
2024-11-24,North,Electronics,274.29,2,0,548.59
2024-11-24,East,Sports,102.33,1,0,102.33
2024-11-24,West,Clothing,61.33,1,0,61.33
2024-11-24,East,Electronics,368.07,2,20,588.92
2024-11-24,West,Books,31.05,2,0,62.1
2024-11-24,East,Books,34.57,4,10,124.46
2024-11-24,East,Sports,121.9,1,0,121.9
2024-11-24,South,Clothing,59.59,1,0,59.59
2024-11-24,West,Clothing,76.26,3,0,228.79
2024-11-24,South,Clothing,23.33,1,0,23.33
2024-11-25,East,Clothing,51.45,2,0,102.89
2024-11-25,South,Clothing,59.25,3,0,177.75
2024-11-25,East,Sports,74.27,1,0,74.27
2024-11-25,West,Clothing,42.17,2,0,84.35
2024-11-25,West,Home & Garden,109.81,2,5,208.63
2024-11-25,East,Home & Garden,82.92,1,0,82.92
2024-11-25,South,Sports,65.16,1,0,65.16
2024-11-25,West,Electronics,312.75,4,0,1250.98
2024-11-25,West,Electronics,274.07,4,0,1096.29
2024-11-25,North,Clothing,57.6,1,0,57.6
2024-11-25,South,Books,24.08,1,0,24.08
2024-11-25,South,Clothing,61.38,4,0,245.52
2024-11-25,South,Electronics,334.31,4,5,1270.37
2024-11-25,South,Home & Garden,88.88,2,5,168.88
2024-11-25,North,Clothing,71.3,1,5,67.73
2024-11-25,North,Clothing,64.59,4,0,258.35
2024-11-25,North,Home & Garden,124.76,3,10,336.85
2024-11-25,South,Home & Garden,93.7,2,0,187.41
2024-11-25,North,Home & Garden,133.28,2,0,266.55
2024-11-25,North,Clothing,59.28,3,0,177.85
2024-11-25,East,Electronics,414.07,1,0,414.07
2024-11-26,East,Home & Garden,123.2,1,5,117.04
2024-11-26,South,Clothing,63.51,2,0,127.02
2024-11-26,East,Sports,79.11,3,0,237.34
2024-11-26,East,Clothing,73.19,2,0,146.38
2024-11-26,South,Clothing,56.46,1,0,56.46
2024-11-26,East,Home & Garden,116.78,4,10,420.42
2024-11-26,East,Electronics,296.55,2,0,593.1
2024-11-26,North,Home & Garden,103.75,4,0,414.99
2024-11-26,North,Home & Garden,86.34,3,0,259.03
2024-11-26,North,Home & Garden,100.66,2,0,201.32
2024-11-26,North,Home & Garden,126.54,4,0,506.14
2024-11-26,North,Clothing,56.73,3,0,170.19
2024-11-27,East,Books,28.19,4,0,112.76
2024-11-27,North,Home & Garden,113.56,4,0,454.24
2024-11-27,South,Electronics,440.55,2,5,837.04
2024-11-27,South,Electronics,437.17,1,20,349.74
2024-11-27,West,Books,25.43,2,0,50.85
2024-11-27,North,Electronics,372.27,2,0,744.54
2024-11-27,North,Sports,70.35,4,0,281.38
2024-11-27,East,Home & Garden,116.79,3,15,297.82
2024-11-27,South,Clothing,55.25,1,20,44.2
2024-11-27,North,Electronics,342.21,4,0,1368.85
2024-11-27,North,Home & Garden,96.38,4,0,385.52
2024-11-27,North,Clothing,47.53,1,20,38.02
2024-11-28,South,Sports,68.26,4,15,232.08
2024-11-28,North,Clothing,78.67,3,0,236.01
2024-11-28,East,Electronics,297.68,1,0,297.68
2024-11-28,South,Electronics,400.95,1,0,400.95
2024-11-28,West,Books,28.09,1,20,22.47
2024-11-28,North,Clothing,64.84,2,0,129.68
2024-11-28,South,Sports,79.69,3,0,239.06
2024-11-28,South,Home & Garden,106.98,3,0,320.93
2024-11-28,North,Home & Garden,119.72,4,0,478.89
2024-11-28,North,Electronics,280.56,4,0,1122.23
2024-11-28,South,Electronics,377.76,3,0,1133.28
2024-11-28,East,Sports,95.62,2,0,191.24
2024-11-28,North,Sports,79.32,3,0,237.97
2024-11-28,North,Clothing,77.72,4,10,279.8
2024-11-28,East,Electronics,493.42,3,0,1480.27
2024-11-28,North,Clothing,48.38,4,10,174.15
2024-11-29,East,Clothing,56.23,3,0,168.69
2024-11-29,South,Sports,94.58,3,0,283.73
2024-11-29,North,Electronics,416.33,4,0,1665.33
2024-11-29,East,Electronics,376.26,3,0,1128.79
2024-11-29,South,Clothing,79.27,2,0,158.55
2024-11-29,North,Clothing,47.98,2,5,91.16
2024-11-29,East,Clothing,43.08,1,0,43.08
2024-11-29,East,Clothing,56.7,4,0,226.81
2024-11-29,North,Clothing,28.15,1,0,28.15
2024-11-29,West,Books,38.71,3,0,116.12
2024-11-29,East,Clothing,70.13,1,0,70.13
2024-11-29,East,Books,22.02,4,0,88.09
2024-11-30,East,Clothing,73.8,3,0,221.4
2024-11-30,South,Home & Garden,150.24,4,10,540.88
2024-11-30,East,Home & Garden,103.37,3,0,310.1
2024-11-30,South,Books,18.41,1,10,16.57
2024-11-30,West,Home & Garden,86.65,3,10,233.96
2024-11-30,North,Home & Garden,148.35,1,0,148.35
2024-11-30,North,Electronics,333.98,1,0,333.98
2024-11-30,North,Sports,77.87,3,5,221.93
2024-11-30,North,Books,21.97,3,20,52.72
2024-11-30,East,Home & Garden,170.06,4,15,578.21
2024-11-30,West,Clothing,57.17,1,20,45.74
2024-11-30,South,Home & Garden,101.35,4,15,344.59
2024-11-30,East,Home & Garden,131.99,2,10,237.58
2024-11-30,South,Sports,71.79,1,0,71.79
2024-11-30,North,Sports,92.89,1,10,83.61
2024-11-30,West,Clothing,87.93,2,15,149.48
2024-11-30,South,Home & Garden,146.99,1,5,139.65
2024-11-30,South,Clothing,68.67,4,0,274.69
2024-11-30,North,Books,16.11,1,0,16.11
2024-11-30,East,Home & Garden,76.56,3,0,229.67
2024-11-30,East,Electronics,186.93,1,0,186.93
2024-11-30,East,Home & Garden,126.53,3,0,379.59
2024-11-30,West,Clothing,63.44,3,0,190.33
2024-11-30,West,Clothing,55.9,4,0,223.62
2024-11-30,West,Books,32.4,2,15,55.08
2024-11-30,South,Home & Garden,95.81,4,0,383.25
2024-11-30,West,Electronics,341.93,2,0,683.86
2024-11-30,East,Electronics,427.27,2,15,726.35
2024-11-30,East,Electronics,398.49,4,20,1275.18
2024-11-30,West,Clothing,74.52,3,0,223.57
2024-11-30,West,Clothing,54.66,4,10,196.77
2024-11-30,South,Electronics,385.14,2,0,770.29
2024-12-01,South,Home & Garden,67.59,1,5,64.21
2024-12-01,West,Home & Garden,145.32,3,0,435.95
2024-12-01,South,Clothing,77.76,2,10,139.96
2024-12-01,East,Clothing,41.9,1,0,41.9
2024-12-01,West,Home & Garden,159.08,3,0,477.23
2024-12-01,West,Electronics,293.96,1,5,279.26
2024-12-01,East,Sports,92.82,2,0,185.63
2024-12-01,North,Home & Garden,76.21,3,5,217.21
2024-12-01,East,Electronics,356.18,1,10,320.56
2024-12-01,East,Electronics,355.88,4,0,1423.52
2024-12-01,East,Clothing,53.4,4,0,213.58
2024-12-01,East,Electronics,528.29,4,0,2113.18
2024-12-01,West,Electronics,315.22,2,0,630.45
2024-12-01,West,Books,19.93,2,0,39.86
2024-12-01,South,Clothing,56.83,4,15,193.21
2024-12-01,East,Sports,68.27,1,5,64.85
2024-12-01,North,Electronics,274.21,3,0,822.63
2024-12-01,West,Home & Garden,160.77,4,0,643.07
2024-12-01,South,Sports,94.79,3,0,284.36
2024-12-01,South,Home & Garden,109.01,4,0,436.05
2024-12-01,South,Home & Garden,120.09,1,20,96.07
2024-12-01,North,Home & Garden,108.11,2,0,216.22
2024-12-01,North,Clothing,57.51,1,15,48.89
2024-12-01,South,Sports,103.86,1,0,103.86
2024-12-01,West,Home & Garden,110.27,4,5,419.04
2024-12-01,East,Home & Garden,136.44,1,10,122.8
2024-12-01,East,Electronics,311.66,3,0,934.98
2024-12-02,East,Electronics,218.79,3,10,590.73
2024-12-02,South,Clothing,40.38,2,0,80.76
2024-12-02,North,Clothing,34.97,4,0,139.87
2024-12-02,North,Clothing,66.38,1,0,66.38
2024-12-02,South,Clothing,51.02,1,0,51.02
2024-12-02,North,Clothing,52.02,2,0,104.04
2024-12-02,South,Clothing,59.56,2,5,113.16
2024-12-02,West,Clothing,54.33,1,0,54.33
2024-12-02,South,Electronics,285.11,3,0,855.34
2024-12-02,West,Clothing,49.57,4,0,198.26
2024-12-02,South,Electronics,286.67,2,0,573.34
2024-12-02,West,Electronics,285.2,1,0,285.2
2024-12-02,North,Sports,80.56,1,0,80.56
2024-12-02,South,Clothing,46.12,1,5,43.81
2024-12-02,South,Electronics,367.97,3,0,1103.92
2024-12-02,North,Books,27.72,1,5,26.34
2024-12-02,South,Books,15.38,4,0,61.52
2024-12-02,East,Sports,133.09,3,0,399.26
2024-12-03,East,Home & Garden,91.53,3,0,274.58
2024-12-03,East,Electronics,423.53,3,0,1270.59
2024-12-03,North,Clothing,71.38,3,10,192.74
2024-12-03,East,Clothing,47.05,4,0,188.2
2024-12-03,East,Clothing,31.42,4,0,125.67
2024-12-03,North,Home & Garden,120.79,1,0,120.79
2024-12-03,West,Clothing,60.68,1,0,60.68
2024-12-03,East,Clothing,72.5,3,0,217.49
2024-12-03,West,Books,25.21,2,0,50.43
2024-12-03,South,Electronics,242.04,1,15,205.73
2024-12-03,North,Electronics,285.55,3,20,685.31
2024-12-03,North,Electronics,346.33,2,0,692.65
2024-12-03,North,Books,31.97,3,0,95.9
2024-12-03,West,Books,19.26,4,0,77.02
2024-12-03,North,Clothing,57.07,2,0,114.14
2024-12-03,North,Sports,54.37,2,0,108.74
2024-12-04,North,Home & Garden,96.91,3,10,261.66
2024-12-04,East,Clothing,42.04,4,0,168.17
2024-12-04,North,Clothing,59.34,1,20,47.48
2024-12-04,East,Clothing,36.38,4,20,116.43
2024-12-04,East,Electronics,219.75,1,0,219.75
2024-12-04,East,Home & Garden,94.99,1,0,94.99
2024-12-04,East,Sports,119.14,2,0,238.27
2024-12-04,East,Home & Garden,88.68,2,5,168.5
2024-12-04,South,Sports,57.43,3,0,172.3
2024-12-04,East,Home & Garden,139.38,4,5,529.66
2024-12-05,East,Clothing,70.05,4,0,280.2
2024-12-05,North,Electronics,253.35,2,0,506.69
2024-12-05,West,Electronics,276.43,2,5,525.21
2024-12-05,South,Sports,82.51,4,0,330.05
2024-12-05,East,Home & Garden,105.6,3,0,316.81
2024-12-05,South,Books,32.91,1,5,31.26
2024-12-05,West,Electronics,466.23,3,0,1398.69
2024-12-05,North,Electronics,380.4,2,10,684.72
2024-12-05,North,Electronics,421.87,4,0,1687.49
2024-12-05,East,Electronics,228.8,2,10,411.84
2024-12-05,South,Clothing,37.38,3,0,112.15
2024-12-05,South,Electronics,386.37,1,5,367.05
2024-12-05,South,Home & Garden,122.11,4,0,488.45
2024-12-05,West,Books,24.16,2,0,48.32
2024-12-05,North,Home & Garden,122.07,4,0,488.29
2024-12-06,South,Home & Garden,135.76,4,0,543.05
2024-12-06,South,Clothing,72.06,1,0,72.06
2024-12-06,North,Clothing,47.28,3,0,141.83
2024-12-06,North,Electronics,233.86,4,0,935.45
2024-12-06,North,Sports,59.28,4,5,225.27
2024-12-06,South,Sports,79.83,1,15,67.85
2024-12-06,West,Books,26.83,3,0,80.48
2024-12-06,West,Books,27.95,2,0,55.9
2024-12-06,South,Clothing,75.82,1,5,72.03
2024-12-07,North,Home & Garden,101.6,3,0,304.81
2024-12-07,West,Clothing,52.31,4,5,198.79
2024-12-07,South,Electronics,332.78,2,20,532.45
2024-12-07,North,Electronics,215.93,4,0,863.74
2024-12-07,West,Books,30.11,2,0,60.22
2024-12-07,East,Electronics,378.73,3,0,1136.18
2024-12-07,South,Clothing,71.27,1,10,64.14
2024-12-07,North,Electronics,238.51,1,0,238.51
2024-12-07,North,Home & Garden,94.61,3,5,269.63
2024-12-07,South,Clothing,60.75,1,0,60.75
2024-12-07,East,Books,35.71,4,0,142.85
2024-12-07,East,Clothing,71.11,4,15,241.78
2024-12-07,South,Books,34.65,3,0,103.94
2024-12-07,North,Clothing,67.91,1,0,67.91
2024-12-07,West,Clothing,85.42,4,0,341.69
2024-12-07,North,Sports,43.25,4,0,173.0
2024-12-07,North,Sports,115.42,3,0,346.26
2024-12-07,South,Home & Garden,123.54,2,5,234.73
2024-12-07,West,Electronics,377.92,4,0,1511.69
2024-12-07,North,Electronics,504.12,4,0,2016.49
2024-12-07,North,Electronics,426.71,1,20,341.37
2024-12-07,West,Home & Garden,101.73,1,0,101.73
2024-12-08,South,Electronics,407.71,3,0,1223.14
2024-12-08,West,Electronics,513.0,1,0,513.0
2024-12-08,West,Electronics,524.25,4,0,2097.01
2024-12-08,West,Clothing,52.17,4,0,208.7
2024-12-08,West,Home & Garden,94.91,1,0,94.91
2024-12-08,North,Home & Garden,73.55,1,0,73.55
2024-12-08,West,Clothing,37.88,3,0,113.63
2024-12-08,North,Home & Garden,137.17,1,10,123.45
2024-12-08,South,Sports,55.91,4,0,223.62
2024-12-08,South,Books,16.43,3,0,49.3
2024-12-08,West,Clothing,82.88,4,0,331.53
2024-12-08,North,Clothing,60.25,4,0,240.99
2024-12-08,South,Books,18.25,1,15,15.51
2024-12-08,North,Clothing,52.89,1,0,52.89
2024-12-08,South,Clothing,57.89,2,20,92.62
2024-12-08,North,Clothing,32.96,2,0,65.92
2024-12-08,North,Books,24.63,1,20,19.7
2024-12-08,South,Home & Garden,89.17,4,0,356.69
2024-12-08,South,Electronics,318.78,3,5,908.54
2024-12-09,North,Sports,122.12,2,0,244.24
2024-12-09,South,Home & Garden,166.43,1,0,166.43
2024-12-09,North,Home & Garden,120.71,3,0,362.14
2024-12-09,West,Clothing,73.83,2,0,147.66
2024-12-09,North,Home & Garden,86.02,2,0,172.04
2024-12-09,North,Sports,97.66,3,5,278.33
2024-12-09,South,Clothing,71.71,2,0,143.42
2024-12-09,East,Electronics,320.2,1,0,320.2
2024-12-09,West,Clothing,85.02,1,20,68.02
2024-12-09,South,Clothing,72.32,2,20,115.7
2024-12-09,East,Home & Garden,97.62,2,0,195.24
2024-12-09,East,Home & Garden,121.63,2,0,243.25
2024-12-09,East,Home & Garden,121.49,3,0,364.48
2024-12-09,North,Electronics,291.25,4,0,1165.02
2024-12-09,North,Clothing,51.76,1,5,49.17
2024-12-10,North,Home & Garden,128.02,1,0,128.02
2024-12-10,West,Sports,96.56,3,0,289.69
2024-12-10,West,Home & Garden,102.64,3,0,307.93
2024-12-10,West,Books,29.07,3,15,74.12
2024-12-10,West,Electronics,423.08,2,15,719.24
2024-12-10,South,Books,17.84,4,20,57.08
2024-12-10,East,Clothing,65.65,1,0,65.65
2024-12-10,East,Home & Garden,91.76,1,0,91.76
2024-12-10,North,Clothing,74.53,4,0,298.14
2024-12-10,West,Clothing,63.52,2,0,127.03
2024-12-10,East,Sports,77.92,1,0,77.92
2024-12-10,East,Home & Garden,106.44,1,0,106.44
2024-12-10,North,Clothing,42.9,4,20,137.29
2024-12-10,East,Clothing,63.1,4,10,227.15
2024-12-10,South,Home & Garden,139.44,2,0,278.89
2024-12-10,South,Books,36.28,2,0,72.57
2024-12-10,South,Sports,109.68,4,5,416.78
2024-12-10,West,Books,22.53,2,5,42.81
2024-12-10,North,Books,24.28,4,5,92.26
2024-12-10,North,Sports,92.77,4,0,371.06
2024-12-10,South,Electronics,352.15,3,0,1056.45
2024-12-10,East,Clothing,52.75,4,0,211.02
2024-12-11,East,Home & Garden,49.93,2,0,99.85
2024-12-11,South,Books,27.46,3,5,78.25
2024-12-11,East,Clothing,71.76,2,0,143.52
2024-12-11,South,Electronics,350.12,2,0,700.24
2024-12-11,West,Home & Garden,101.99,4,0,407.96
2024-12-11,West,Home & Garden,134.13,3,0,402.4
2024-12-11,West,Clothing,63.27,2,0,126.54
2024-12-11,East,Electronics,368.82,2,5,700.76
2024-12-12,South,Electronics,468.03,1,0,468.03
2024-12-12,South,Clothing,59.06,3,0,177.18
2024-12-12,East,Sports,104.81,3,15,267.26
2024-12-12,South,Books,34.61,1,0,34.61
2024-12-12,West,Sports,97.5,1,0,97.5
2024-12-12,East,Sports,81.31,4,5,308.97
2024-12-12,East,Sports,73.57,4,0,294.28
2024-12-12,South,Books,30.88,4,0,123.54
2024-12-12,East,Sports,77.78,4,0,311.12
2024-12-12,North,Electronics,339.2,2,0,678.41
2024-12-13,North,Books,21.65,2,0,43.3
2024-12-13,West,Electronics,285.48,1,0,285.48
2024-12-13,North,Electronics,252.0,1,15,214.2
2024-12-13,South,Clothing,67.27,1,0,67.27
2024-12-13,South,Books,40.64,4,20,130.05
2024-12-13,North,Clothing,55.09,1,10,49.58
2024-12-13,West,Electronics,329.54,1,0,329.54
2024-12-13,North,Home & Garden,98.67,2,0,197.33
2024-12-13,North,Electronics,273.19,2,0,546.38
2024-12-13,North,Home & Garden,107.78,3,0,323.35
2024-12-13,South,Electronics,233.99,4,10,842.35
2024-12-13,North,Electronics,315.43,3,15,804.33
2024-12-13,West,Home & Garden,96.62,3,15,246.38
2024-12-13,East,Clothing,51.7,2,0,103.4
2024-12-13,North,Home & Garden,112.35,2,0,224.7
2024-12-13,West,Sports,91.2,3,20,218.89
2024-12-13,South,Clothing,50.5,3,0,151.49
2024-12-14,West,Books,36.4,2,0,72.8
2024-12-14,North,Home & Garden,92.46,2,20,147.93
2024-12-14,South,Sports,97.04,3,0,291.12
2024-12-14,South,Books,29.15,4,5,110.75
2024-12-14,North,Sports,72.1,3,0,216.31
2024-12-14,West,Sports,53.76,2,0,107.52
2024-12-14,East,Home & Garden,122.55,2,0,245.09
2024-12-14,North,Electronics,218.73,4,0,874.92
2024-12-14,West,Books,29.85,3,0,89.56
2024-12-14,East,Clothing,73.06,3,0,219.19
2024-12-14,South,Electronics,218.79,4,0,875.14
2024-12-14,West,Electronics,309.57,4,0,1238.28
2024-12-14,East,Electronics,165.34,4,20,529.08
2024-12-14,South,Electronics,228.12,4,5,866.85
2024-12-14,North,Home & Garden,95.33,4,0,381.31
2024-12-14,South,Clothing,45.12,2,0,90.23
2024-12-14,East,Clothing,65.13,1,5,61.87
2024-12-14,North,Electronics,231.19,1,5,219.63
2024-12-14,East,Books,32.35,1,0,32.35
2024-12-14,West,Home & Garden,117.22,1,0,117.22
2024-12-14,North,Sports,76.93,1,5,73.08
2024-12-14,East,Electronics,339.59,4,0,1358.38
2024-12-14,North,Clothing,42.23,3,5,120.36
2024-12-14,East,Sports,94.2,1,0,94.2
2024-12-14,West,Electronics,283.76,3,0,851.29
2024-12-14,North,Home & Garden,43.98,2,10,79.16
2024-12-14,North,Clothing,60.48,4,15,205.63
2024-12-14,East,Books,35.35,4,0,141.38
2024-12-14,North,Clothing,54.24,2,0,108.48
2024-12-14,East,Electronics,329.67,3,0,989.01
2024-12-14,East,Books,31.01,1,0,31.01
2024-12-14,North,Books,42.17,3,0,126.51
2024-12-15,South,Clothing,23.72,4,0,94.87
2024-12-15,North,Electronics,247.91,1,0,247.91
2024-12-15,North,Home & Garden,143.93,4,0,575.74
2024-12-15,East,Home & Garden,113.93,1,0,113.93
2024-12-15,South,Electronics,193.34,4,20,618.7
2024-12-15,South,Clothing,64.54,4,5,245.24
2024-12-15,South,Electronics,271.02,2,0,542.04
2024-12-15,East,Clothing,94.38,1,0,94.38
2024-12-15,East,Sports,78.5,2,10,141.3
2024-12-15,West,Clothing,76.36,2,0,152.71
2024-12-15,East,Electronics,365.41,2,0,730.82
2024-12-15,West,Electronics,445.08,3,0,1335.23
2024-12-15,North,Clothing,88.2,2,0,176.4
2024-12-16,South,Sports,100.03,2,10,180.06
2024-12-16,South,Home & Garden,146.29,4,0,585.17
2024-12-16,South,Books,27.58,1,0,27.58
2024-12-16,North,Home & Garden,107.18,3,0,321.55
2024-12-16,West,Clothing,79.34,2,20,126.95
2024-12-16,South,Electronics,394.51,1,0,394.51
2024-12-16,North,Home & Garden,143.91,4,10,518.07
2024-12-16,East,Books,13.28,2,0,26.56
2024-12-16,East,Sports,92.0,1,0,92.0
2024-12-16,North,Clothing,73.99,4,0,295.97
2024-12-16,South,Electronics,401.99,4,0,1607.97
2024-12-16,West,Electronics,292.45,3,5,833.49
2024-12-16,South,Sports,100.47,3,0,301.41
2024-12-16,South,Electronics,256.99,3,0,770.97
2024-12-16,North,Electronics,270.08,4,0,1080.34
2024-12-16,South,Books,15.67,4,10,56.41
2024-12-17,East,Clothing,74.98,2,0,149.96
2024-12-17,West,Home & Garden,112.51,2,10,202.53
2024-12-17,North,Home & Garden,122.6,3,0,367.8
2024-12-17,South,Home & Garden,105.37,2,0,210.74
2024-12-17,South,Home & Garden,106.93,4,0,427.71
2024-12-17,East,Home & Garden,82.19,2,0,164.39
2024-12-17,West,Books,31.14,2,0,62.29
2024-12-17,East,Electronics,397.88,3,0,1193.63
2024-12-17,South,Clothing,30.25,2,0,60.49
2024-12-17,South,Electronics,408.9,3,20,981.37
2024-12-17,East,Electronics,288.68,1,5,274.24
2024-12-17,North,Home & Garden,127.07,3,0,381.2
2024-12-17,West,Clothing,79.78,2,0,159.57
2024-12-17,North,Home & Garden,79.28,3,0,237.83
2024-12-17,East,Books,25.27,1,0,25.27
2024-12-17,North,Sports,107.23,1,0,107.23
2024-12-17,South,Electronics,389.53,3,0,1168.59
2024-12-17,South,Electronics,353.49,3,0,1060.46
2024-12-17,South,Electronics,269.48,1,0,269.48
2024-12-17,South,Home & Garden,56.9,1,0,56.9
2024-12-17,West,Electronics,345.53,1,0,345.53
2024-12-17,South,Home & Garden,117.56,2,0,235.12
2024-12-18,West,Books,43.48,4,5,165.23
2024-12-18,East,Sports,51.14,3,5,145.74
2024-12-18,North,Sports,104.54,3,10,282.25
2024-12-18,North,Books,23.76,1,20,19.01
2024-12-18,South,Home & Garden,155.82,4,0,623.28
2024-12-18,West,Electronics,431.47,4,20,1380.7
2024-12-18,North,Books,35.08,4,10,126.29
2024-12-18,South,Clothing,74.39,3,0,223.16
2024-12-18,East,Books,31.93,1,0,31.93
2024-12-18,South,Electronics,283.52,3,0,850.57
2024-12-18,East,Electronics,195.76,2,0,391.53
2024-12-18,North,Books,27.05,4,0,108.21
2024-12-18,East,Electronics,422.28,2,0,844.55
2024-12-18,East,Electronics,377.59,3,0,1132.76
2024-12-18,South,Sports,62.65,1,0,62.65
2024-12-18,East,Sports,114.98,3,5,327.69
2024-12-18,East,Electronics,324.04,1,0,324.04
2024-12-18,South,Sports,85.23,2,20,136.37
2024-12-18,East,Electronics,454.48,3,0,1363.44
2024-12-18,East,Sports,92.01,2,0,184.02
2024-12-18,West,Home & Garden,114.76,3,5,327.07
2024-12-19,East,Electronics,402.22,1,0,402.22
2024-12-19,East,Electronics,336.06,4,0,1344.25
2024-12-19,East,Home & Garden,95.01,2,0,190.03
2024-12-19,South,Books,32.99,1,10,29.69
2024-12-19,West,Clothing,46.22,4,0,184.9
2024-12-19,East,Home & Garden,101.46,3,5,289.15
2024-12-19,North,Electronics,338.84,4,0,1355.37
2024-12-19,East,Electronics,461.1,4,10,1659.95
2024-12-19,East,Electronics,432.03,1,0,432.03
2024-12-19,East,Clothing,53.27,4,0,213.1
2024-12-20,East,Sports,85.08,4,0,340.33
2024-12-20,East,Home & Garden,112.28,4,0,449.12
2024-12-20,South,Electronics,405.24,4,0,1620.94
2024-12-20,South,Electronics,429.16,4,10,1544.97
2024-12-20,West,Electronics,308.93,4,0,1235.74
2024-12-20,East,Sports,66.96,4,5,254.45
2024-12-20,East,Electronics,408.46,2,10,735.23
2024-12-20,West,Sports,51.39,3,10,138.74
2024-12-20,South,Electronics,251.59,4,0,1006.35
2024-12-20,South,Clothing,95.26,3,0,285.78
2024-12-20,West,Electronics,250.02,1,0,250.02
2024-12-20,West,Sports,111.55,4,0,446.2
2024-12-20,North,Electronics,415.55,3,0,1246.64
2024-12-21,North,Home & Garden,121.31,1,10,109.18
2024-12-21,South,Books,24.33,2,0,48.66
2024-12-21,North,Clothing,59.54,3,15,151.82
2024-12-21,North,Books,31.21,3,0,93.63
2024-12-21,South,Electronics,242.91,1,15,206.47
2024-12-21,North,Electronics,268.17,1,0,268.17
2024-12-21,East,Books,20.66,2,0,41.32
2024-12-21,West,Sports,61.55,3,0,184.66
2024-12-21,East,Clothing,50.99,3,10,137.68
2024-12-21,East,Clothing,68.18,2,0,136.37
2024-12-21,North,Home & Garden,130.91,2,15,222.54
2024-12-21,South,Books,20.96,4,0,83.86
2024-12-21,West,Books,38.99,1,10,35.09
2024-12-21,North,Sports,100.13,2,20,160.22
2024-12-21,East,Sports,65.72,3,20,157.73
2024-12-21,East,Home & Garden,107.33,4,20,343.47
2024-12-21,South,Sports,64.44,4,5,244.88
2024-12-21,West,Clothing,64.78,1,0,64.78
2024-12-21,South,Clothing,63.17,1,5,60.01
2024-12-21,East,Clothing,77.98,3,0,233.93
2024-12-21,East,Home & Garden,111.88,2,0,223.77
2024-12-21,North,Electronics,443.42,2,0,886.83
2024-12-21,North,Clothing,39.38,1,10,35.44
2024-12-21,North,Home & Garden,111.41,1,0,111.41
2024-12-21,East,Sports,63.48,2,5,120.61
2024-12-21,West,Electronics,491.3,4,0,1965.19
2024-12-22,North,Books,29.0,4,5,110.18
2024-12-22,South,Sports,56.53,1,15,48.05
2024-12-22,South,Sports,97.94,3,0,293.81
2024-12-22,West,Home & Garden,114.33,2,0,228.67
2024-12-22,South,Sports,72.72,1,0,72.72
2024-12-22,West,Clothing,46.82,2,0,93.64
2024-12-22,West,Sports,97.51,4,0,390.05
2024-12-22,South,Clothing,87.79,1,0,87.79
2024-12-22,North,Home & Garden,100.34,1,20,80.27
2024-12-22,West,Clothing,63.15,4,0,252.6
2024-12-22,North,Electronics,339.3,4,0,1357.21
2024-12-22,South,Books,30.84,2,0,61.68
2024-12-22,West,Clothing,82.87,3,0,248.6
2024-12-22,South,Clothing,101.42,3,10,273.83
2024-12-22,North,Clothing,89.57,4,0,358.26
2024-12-22,East,Books,32.59,2,10,58.66
2024-12-22,West,Home & Garden,86.99,1,5,82.64
2024-12-22,South,Home & Garden,98.1,3,10,264.87
2024-12-22,North,Home & Garden,93.12,3,0,279.37
2024-12-22,North,Electronics,417.03,2,20,667.25
2024-12-22,South,Home & Garden,134.07,4,0,536.3
2024-12-22,West,Electronics,318.5,4,0,1273.99
2024-12-22,East,Clothing,96.36,2,0,192.72
2024-12-22,North,Books,30.99,4,0,123.95
2024-12-22,North,Sports,99.92,4,0,399.67
2024-12-22,North,Books,19.26,4,20,61.64
2024-12-22,North,Books,32.17,4,5,122.26
2024-12-22,East,Clothing,61.78,4,0,247.1
2024-12-22,South,Sports,105.77,2,10,190.38
2024-12-23,North,Home & Garden,118.97,4,10,428.28
2024-12-23,West,Electronics,379.45,3,0,1138.35
2024-12-23,North,Clothing,38.63,3,5,110.08
2024-12-23,West,Books,17.63,3,5,50.23
2024-12-23,North,Electronics,226.76,2,0,453.52
2024-12-23,South,Electronics,347.41,1,0,347.41
2024-12-23,East,Electronics,308.14,1,20,246.51
2024-12-23,South,Home & Garden,106.13,4,0,424.5
2024-12-23,East,Sports,98.66,2,0,197.32
2024-12-23,West,Electronics,388.11,4,0,1552.45
2024-12-23,West,Electronics,283.79,4,15,964.89
2024-12-23,North,Electronics,499.68,2,0,999.37
2024-12-23,West,Electronics,291.78,1,0,291.78
2024-12-23,East,Home & Garden,102.5,3,5,292.11
2024-12-23,East,Electronics,346.82,4,0,1387.28
2024-12-24,West,Clothing,72.82,1,0,72.82
2024-12-24,North,Electronics,351.36,4,0,1405.45
2024-12-24,North,Books,27.3,3,20,65.53
2024-12-24,West,Books,30.78,4,0,123.12
2024-12-24,East,Clothing,74.44,4,0,297.74
2024-12-24,West,Electronics,255.77,3,0,767.31
2024-12-24,East,Electronics,168.32,4,0,673.27
2024-12-24,South,Home & Garden,104.31,2,0,208.62
2024-12-24,North,Electronics,376.47,2,0,752.95
2024-12-24,South,Clothing,63.2,2,0,126.41
2024-12-24,West,Electronics,285.7,3,0,857.11
2024-12-25,West,Sports,101.17,3,10,273.16
2024-12-25,North,Sports,97.42,1,10,87.67
2024-12-25,West,Clothing,57.46,4,0,229.84
2024-12-25,East,Clothing,48.63,2,0,97.26
2024-12-25,North,Sports,81.96,3,15,209.0
2024-12-25,North,Sports,61.75,3,0,185.25
2024-12-25,North,Sports,78.99,4,0,315.96
2024-12-25,West,Electronics,413.89,4,0,1655.57
2024-12-25,North,Home & Garden,84.59,2,15,143.8
2024-12-25,North,Books,23.15,4,0,92.6
2024-12-25,East,Home & Garden,125.29,1,5,119.03
2024-12-25,North,Home & Garden,93.77,1,20,75.02
2024-12-25,West,Books,29.97,1,0,29.97
2024-12-25,East,Electronics,400.38,4,0,1601.53
2024-12-25,East,Home & Garden,113.54,1,5,107.86
2024-12-25,South,Clothing,56.25,1,15,47.81
2024-12-25,South,Electronics,312.45,2,10,562.42
2024-12-25,South,Clothing,35.56,1,0,35.56
2024-12-26,South,Clothing,44.17,2,0,88.33
2024-12-26,East,Electronics,396.1,2,0,792.19
2024-12-26,West,Sports,72.57,3,0,217.7
2024-12-26,South,Sports,111.61,1,0,111.61
2024-12-26,North,Books,21.89,3,0,65.67
2024-12-26,East,Electronics,425.97,3,0,1277.91
2024-12-26,South,Electronics,236.88,3,10,639.59
2024-12-26,East,Clothing,88.73,1,0,88.73
2024-12-26,North,Books,20.86,4,0,83.42
2024-12-26,East,Electronics,411.8,4,0,1647.18
2024-12-26,West,Electronics,375.03,1,0,375.03
2024-12-26,South,Books,21.44,3,0,64.32
2024-12-26,South,Clothing,64.0,1,0,64.0
2024-12-26,South,Electronics,342.41,2,0,684.82
2024-12-26,South,Sports,113.68,1,15,96.63
2024-12-26,East,Electronics,352.25,2,0,704.51
2024-12-26,North,Clothing,55.58,4,0,222.33
2024-12-26,South,Clothing,42.85,3,0,128.55
2024-12-26,North,Electronics,343.54,3,0,1030.61
2024-12-26,East,Electronics,373.42,1,0,373.42
2024-12-26,East,Sports,80.12,1,0,80.12
2024-12-26,North,Books,11.47,4,0,45.88
2024-12-27,West,Books,20.26,4,0,81.05
2024-12-27,North,Clothing,61.14,3,0,183.43
2024-12-27,East,Home & Garden,96.85,1,5,92.0
2024-12-27,West,Home & Garden,87.84,4,10,316.23
2024-12-27,South,Home & Garden,131.65,4,10,473.96
2024-12-27,East,Sports,97.68,4,0,390.72
2024-12-27,East,Home & Garden,67.34,4,0,269.36
2024-12-27,East,Home & Garden,107.43,4,10,386.75
2024-12-27,West,Clothing,46.81,2,10,84.26
2024-12-27,East,Electronics,363.39,1,0,363.39
2024-12-27,South,Electronics,364.72,4,5,1385.95
2024-12-27,West,Books,35.89,1,0,35.89
2024-12-27,West,Books,27.0,4,0,108.01
2024-12-27,South,Electronics,442.5,1,0,442.5
2024-12-27,East,Clothing,67.79,3,10,183.03
2024-12-27,East,Books,28.56,1,0,28.56
2024-12-28,South,Books,37.27,4,0,149.09
2024-12-28,West,Sports,77.13,3,0,231.4
2024-12-28,South,Sports,73.71,4,15,250.61
2024-12-28,South,Home & Garden,115.53,2,5,219.51
2024-12-28,North,Home & Garden,113.61,2,0,227.21
2024-12-28,East,Clothing,60.58,3,0,181.75
2024-12-28,West,Books,36.05,3,0,108.16
2024-12-28,East,Electronics,408.59,4,0,1634.35
2024-12-28,West,Electronics,307.55,4,0,1230.2
2024-12-28,West,Clothing,76.26,4,0,305.04
2024-12-28,East,Home & Garden,76.74,4,0,306.94
2024-12-28,South,Books,39.41,1,5,37.44
2024-12-28,East,Books,23.16,4,0,92.65
2024-12-28,East,Clothing,40.87,2,0,81.74
2024-12-28,East,Sports,77.37,4,0,309.48
2024-12-28,South,Home & Garden,149.44,4,0,597.75
2024-12-28,West,Clothing,64.26,3,0,192.78
2024-12-28,South,Books,27.24,3,5,77.64
2024-12-28,South,Electronics,188.63,4,10,679.07
2024-12-28,West,Home & Garden,75.52,3,0,226.57
2024-12-28,West,Home & Garden,62.33,1,0,62.33
2024-12-28,East,Books,29.58,4,0,118.32
2024-12-29,North,Sports,93.77,4,0,375.08
2024-12-29,East,Home & Garden,106.28,4,0,425.13
2024-12-29,South,Clothing,61.51,2,10,110.71
2024-12-29,North,Clothing,30.32,2,0,60.63
2024-12-29,North,Home & Garden,96.04,3,0,288.12
2024-12-29,West,Electronics,371.6,2,0,743.2
2024-12-29,South,Electronics,277.2,4,0,1108.79
2024-12-29,North,Electronics,312.18,4,0,1248.7
2024-12-29,North,Home & Garden,113.54,2,0,227.09
2024-12-29,East,Sports,70.6,4,0,282.4
2024-12-29,North,Clothing,72.2,1,20,57.76
2024-12-29,South,Electronics,540.95,4,5,2055.6
2024-12-29,North,Electronics,367.74,4,20,1176.78
2024-12-29,South,Clothing,51.25,4,0,204.98
2024-12-29,East,Clothing,81.73,3,0,245.18
2024-12-29,East,Clothing,63.76,2,0,127.51
2024-12-29,East,Electronics,445.14,2,0,890.28
2024-12-29,North,Home & Garden,90.13,2,0,180.25
2024-12-29,South,Sports,35.73,4,0,142.9
2024-12-29,South,Home & Garden,64.2,3,0,192.59
2024-12-29,South,Clothing,40.25,4,15,136.85
2024-12-30,North,Electronics,329.69,3,0,989.06
2024-12-30,South,Clothing,56.72,1,10,51.05
2024-12-30,North,Home & Garden,126.01,4,0,504.02
2024-12-30,South,Clothing,76.44,4,0,305.75
2024-12-30,North,Home & Garden,92.54,4,0,370.14
2024-12-30,East,Home & Garden,70.88,4,0,283.52
2024-12-30,North,Electronics,480.15,1,0,480.15
2024-12-30,North,Electronics,410.02,2,0,820.03
2024-12-30,East,Books,21.0,1,5,19.95
2024-12-30,West,Books,32.91,4,5,125.05
2024-12-30,North,Sports,70.54,4,0,282.17
2024-12-30,South,Electronics,387.27,3,0,1161.81
2024-12-30,East,Electronics,383.05,2,20,612.89
2024-12-30,North,Clothing,57.1,1,0,57.1
